D_Name;D_SMILES;D_HOMO;D_LUMO;D_lamda_max;Solvent;A_Name;A_HOMO;A_LUMO;A_lamda_max;VOC (V);JSC (mA/cm²);FF (%);PCE (%);Ratio;REFERENCE;Conversion_Status
MPHS-Ph;CCCCCCCCc1cc(-c2cc3sc4c(-c5cccc(SCC(CCCCCC)CCCCCCCC)c5)c5c(sc6cc(-c7cc(CCCCCCCC)c(-c8ccc(/C=C9\SC(=S)N(Cc%10ccccc%10)C9=O)s8)s7)sc65)c(-c5cccc(SCC(CCCCCC)CCCCCCCC)c5)c4c3s2)sc1-c1ccc(/C=C2\SC(=S)N(Cc3ccccc3)C2=O)s1;-5,33;-3,51;564;THF;BTP-eC9;-5,64;-4,05;828;0,859;23,63;72,75;14,77;1,8/1;[1];✅ OK
MPHS-Ph;CCCCCCCCc1cc(-c2cc3sc4c(-c5cccc(SCC(CCCCCC)CCCCCCCC)c5)c5c(sc6cc(-c7cc(CCCCCCCC)c(-c8ccc(/C=C9\SC(=S)N(Cc%10ccccc%10)C9=O)s8)s7)sc65)c(-c5cccc(SCC(CCCCCC)CCCCCCCC)c5)c4c3s2)sc1-c1ccc(/C=C2\SC(=S)N(Cc3ccccc3)C2=O)s1;-5,33;-3,51;564;THF;BTP-eC9;-5,64;-4,05;828;0,858;23,16;73,22;14,48;1,9/1;[1];✅ OK
MPHS-Ph;CCCCCCCCc1cc(-c2cc3sc4c(-c5cccc(SCC(CCCCCC)CCCCCCCC)c5)c5c(sc6cc(-c7cc(CCCCCCCC)c(-c8ccc(/C=C9\SC(=S)N(Cc%10ccccc%10)C9=O)s8)s7)sc65)c(-c5cccc(SCC(CCCCCC)CCCCCCCC)c5)c4c3s2)sc1-c1ccc(/C=C2\SC(=S)N(Cc3ccccc3)C2=O)s1;-5,33;-3,51;564;THF;BTP-eC9;-5,64;-4,05;828;0,861;22,61;74,36;14,48;02,0/01;[1];✅ OK
MPhS-C2;CCCCCCCCC(CCCCCC)CSc1cccc(-c2c3sc4cc(-c5ccc(-c6ccc(/C=C7/SC(=S)N(CC)C7=O)s6)s5)sc4c3c(-c3cccc(SCC(CCCCCC)CCCCCCCC)c3)c3sc4cc(-c5ccc(-c6ccc(/C=C7/SC(=S)N(CC)C7=O)s6)s5)sc4c23)c1;-5,35;-3,45;522;THF;BTP-eC9;-5,64;-4,05;828;0,867;24,42;72,75;15,67;1,8/1;[1];✅ OK
MPhS-C2;CCCCCCCCC(CCCCCC)CSc1cccc(-c2c3sc4cc(-c5ccc(-c6ccc(/C=C7/SC(=S)N(CC)C7=O)s6)s5)sc4c3c(-c3cccc(SCC(CCCCCC)CCCCCCCC)c3)c3sc4cc(-c5ccc(-c6ccc(/C=C7/SC(=S)N(CC)C7=O)s6)s5)sc4c23)c1;-5,35;-3,45;522;THF;BTP-eC9;-5,64;-4,05;828;0,857;23,66;74,62;15,14;1,9/1;[1];✅ OK
MPhS-C2;CCCCCCCCC(CCCCCC)CSc1cccc(-c2c3sc4cc(-c5ccc(-c6ccc(/C=C7/SC(=S)N(CC)C7=O)s6)s5)sc4c3c(-c3cccc(SCC(CCCCCC)CCCCCCCC)c3)c3sc4cc(-c5ccc(-c6ccc(/C=C7/SC(=S)N(CC)C7=O)s6)s5)sc4c23)c1;-5,35;-3,45;522;THF;BTP-eC9;-5,64;-4,05;828;0,854;23,63;74,44;15,03;02,0/01;[1];✅ OK
BSTR-h;CCCCCCc1cc(-c2cc3c(-c4ccc(SCC(CC)CCCC)s4)c4sc(-c5cc(CCCCCC)c(-c6cc(CCCCCC)c(-c7ccc(/C=C8/SC(=S)N(C(CC)CCCC)C8=O)s7)s6)s5)cc4c(-c4ccc(SCC(CC)CCCC)s4)c3s2)sc1-c1cc(CCCCCC)c(-c2ccc(/C=C3/SC(=S)N(C(CC)CCCC)C3=O)s2)s1;-5,31;-3,53;579;CF;N3;-5,64;-4,08;751;0,782;25,18;70,08;13,8;01:01;[2];✅ OK
BSTR-f;CCCCCCc1cc(-c2cc3c(-c4cc(F)c(SCC(CC)CCCC)s4)c4sc(-c5cc(CCCCCC)c(-c6cc(CCCCCC)c(-c7ccc(/C=C8/SC(=S)N(C(CC)CCCC)C8=O)s7)s6)s5)cc4c(-c4cc(F)c(SCC(CC)CCCC)s4)c3s2)sc1-c1cc(CCCCCC)c(-c2ccc(/C=C3/SC(=S)N(C(CC)CCCC)C3=O)s2)s1;-5,44;-3,56;575;CF;N3;-5,64;-4,08;751;0,835;24,89;76,64;15,93;01:01;[2];✅ OK
BSTR-cl;CCCCCCc1cc(-c2cc3c(-c4cc(Cl)c(SCC(CC)CCCC)s4)c4sc(-c5cc(CCCCCC)c(-c6cc(CCCCCC)c(-c7ccc(/C=C8/SC(=S)N(C(CC)CCCC)C8=O)s7)s6)s5)cc4c(-c4cc(Cl)c(SCC(CC)CCCC)s4)c3s2)sc1-c1cc(CCCCCC)c(-c2ccc(/C=C3/SC(=S)N(C(CC)CCCC)C3=O)s2)s1;-5,45;-3,54;574;CF;N3;-5,64;-4,08;751;0,833;25,05;74,71;15,59;01:01;[2];✅ OK
BSTR-br;CCCCCCc1cc(-c2cc3c(-c4cc(Br)c(SCC(CC)CCCC)s4)c4sc(-c5cc(CCCCCC)c(-c6cc(CCCCCC)c(-c7ccc(/C=C8/SC(=S)N(C(CC)CCCC)C8=O)s7)s6)s5)cc4c(-c4cc(Br)c(SCC(CC)CCCC)s4)c3s2)sc1-c1cc(CCCCCC)c(-c2ccc(/C=C3/SC(=S)N(C(CC)CCCC)C3=O)s2)s1;-5,53;-3,53;572;CF;N3;-5,64;-4,08;751;0,827;22,84;72;13,6;01:01;[2];✅ OK
MPhS-C2;CCCCCCCCC(CCCCCC)CSc1cccc(-c2c3sc4cc(-c5ccc(-c6ccc(/C=C7/SC(=S)N(CC)C7=O)s6)s5)sc4c3c(-c3cccc(SCC(CCCCCC)CCCCCCCC)c3)c3sc4cc(-c5ccc(-c6ccc(/C=C7/SC(=S)N(CC)C7=O)s6)s5)sc4c23)c1;-5,35;-3,45;589;CF;L8-S9;-5,73;-3,66;831;0,894;25,37;73,14;16,59;1,7:1;[3];✅ OK
MPhS-C2;CCCCCCCCC(CCCCCC)CSc1cccc(-c2c3sc4cc(-c5ccc(-c6ccc(/C=C7/SC(=S)N(CC)C7=O)s6)s5)sc4c3c(-c3cccc(SCC(CCCCCC)CCCCCCCC)c3)c3sc4cc(-c5ccc(-c6ccc(/C=C7/SC(=S)N(CC)C7=O)s6)s5)sc4c23)c1;-5,35;-3,45;589;CF;L8-BO;-5,76;-3,88;796;0,875;25,69;70,72;15,9;1,7:2;[3];✅ OK
B3TR;CCCCCCc1cc(-c2cc3c(-c4ccc(CC(CC)CCCC)s4)c4sc(-c5cc(CCCCCC)c(-c6cc(CCCCCC)c(-c7ccc(/C=C8/SC(=S)N(CC)C8=O)s7)s6)s5)cc4c(-c4ccc(CC(CC)CCCC)s4)c3s2)sc1-c1cc(CCCCCC)c(-c2ccc(/C=C3/SC(=S)N(CC)C3=O)s2)s1;-5,22;-3,67;588;CF;BTP-eC9;-5,64;-4,05;828;0,809;25,5;72;14,8;01:01;[4];✅ OK
B3TR;CCCCCCc1cc(-c2cc3c(-c4ccc(CC(CC)CCCC)s4)c4sc(-c5cc(CCCCCC)c(-c6cc(CCCCCC)c(-c7ccc(/C=C8/SC(=S)N(CC)C8=O)s7)s6)s5)cc4c(-c4ccc(CC(CC)CCCC)s4)c3s2)sc1-c1cc(CCCCCC)c(-c2ccc(/C=C3/SC(=S)N(CC)C3=O)s2)s1;-5,22;-3,67;588;CB;BTP-eC9;-5,64;-4,05;828;0,808;24,9;0,683;13,8;01:01;[4];✅ OK
B3TR;CCCCCCc1cc(-c2cc3c(-c4ccc(CC(CC)CCCC)s4)c4sc(-c5cc(CCCCCC)c(-c6cc(CCCCCC)c(-c7ccc(/C=C8/SC(=S)N(CC)C8=O)s7)s6)s5)cc4c(-c4ccc(CC(CC)CCCC)s4)c3s2)sc1-c1cc(CCCCCC)c(-c2ccc(/C=C3/SC(=S)N(CC)C3=O)s2)s1;-5,22;-3,67;588;THF;BTP-eC9;-5,64;-4,05;828;0,802;24,6;0,676;13,4;01:01;[4];✅ OK
B2;CCCCCCc1cc(-c2cc3c(-c4ccc(CC(CC)CCCC)s4)c4sc(-c5cc6c(-c7ccc(CC(CC)CCCC)s7)c7sc(-c8cc(CCCCCC)c(-c9ccc(/C=C%10/SC(=S)N(CC)C%10=O)s9)s8)cc7c(-c7ccc(CC(CC)CCCC)s7)c6s5)cc4c(-c4ccc(CC(CC)CCCC)s4)c3s2)sc1-c1ccc(/C=C2/SC(=S)N(CC)C2=O)s1;-5,23;-3,67;609;CF;BTP-eC9;-5,64;-4,05;828;0,861;26,2;75,8;17,1;01:01;[4];✅ OK
B2;CCCCCCc1cc(-c2cc3c(-c4ccc(CC(CC)CCCC)s4)c4sc(-c5cc6c(-c7ccc(CC(CC)CCCC)s7)c7sc(-c8cc(CCCCCC)c(-c9ccc(/C=C%10/SC(=S)N(CC)C%10=O)s9)s8)cc7c(-c7ccc(CC(CC)CCCC)s7)c6s5)cc4c(-c4ccc(CC(CC)CCCC)s4)c3s2)sc1-c1ccc(/C=C2/SC(=S)N(CC)C2=O)s1;-5,23;-3,67;609;CF;BTP-eC9;-5,64;-4,05;828;0,857;26,1;72,7;16,1;01:01;[4];✅ OK
B2;CCCCCCc1cc(-c2cc3c(-c4ccc(CC(CC)CCCC)s4)c4sc(-c5cc6c(-c7ccc(CC(CC)CCCC)s7)c7sc(-c8cc(CCCCCC)c(-c9ccc(/C=C%10/SC(=S)N(CC)C%10=O)s9)s8)cc7c(-c7ccc(CC(CC)CCCC)s7)c6s5)cc4c(-c4ccc(CC(CC)CCCC)s4)c3s2)sc1-c1ccc(/C=C2/SC(=S)N(CC)C2=O)s1;-5,23;-3,67;609;CF;BTP-eC9;-5,64;-4,05;828;0,861;25,8;66,9;14,9;01:01;[4];✅ OK
CA-CO;CCN(CC)c1ccc2cc(C(=O)/C=C/c3c4ccccc4cc4ccccc34)c(=O)oc2c1;-5,55;-3,59;476;CF;Y6;-5,7;-4,08;833;0,84;20,98;69;12,27;01:01,2;[5];✅ OK
CA-CO;CCN(CC)c1ccc2cc(C(=O)/C=C/c3c4ccccc4cc4ccccc34)c(=O)oc2c1;-5,55;-3,59;476;CF;DBTBT-IC;-5,77;-3,88;660;0,97;14,92;64;9,41;01:01,2;[5];✅ OK
BTR-Cl;CCCCCCc1cc(-c2cc3c(-c4cc(Cl)c(CC(CC)CCCC)s4)c4sc(-c5cc(CCCCCC)c(-c6cc(CCCCCC)c(-c7ccc(/C=C8\SC(=S)N(CCCCCC)C8=O)s7)s6)s5)cc4c(-c4cc(Cl)c(CC(CC)CCCC)s4)c3s2)sc1-c1cc(CCCCCC)c(-c2ccc(/C=C3\SC(=S)N(CCCCCC)C3=O)s2)s1;-5,46;-3,7;580;CF;Y6;-5,65;-4,1;836;0,83;23,66;74,7;14,7;1,6:1;[6];✅ OK
B1;CCCCCCc1cc(-c2cc3c(-c4ccc(SCC(CC)CCCC)cc4)c4sc(-c5cc(CCCCCC)c(-c6cc(CCCCCC)c(-c7ccc(/C=C8\SC(=S)N(CCCC)C8=O)s7)s6)s5)cc4c(-c4ccc(SCC(CC)CCCC)cc4)c3s2)sc1-c1cc(CCCCCC)c(-c2ccc(/C=C3\SC(=S)N(CCCC)C3=O)s2)s1;-5,1;-3,51;626;CB;BO-4Cl;-5,66;-4,09;822;0,83;25,27;73;15,3;01:01;[7];✅ OK
B1;CCCCCCc1cc(-c2cc3c(-c4ccc(SCC(CC)CCCC)cc4)c4sc(-c5cc(CCCCCC)c(-c6cc(CCCCCC)c(-c7ccc(/C=C8\SC(=S)N(CCCC)C8=O)s7)s6)s5)cc4c(-c4ccc(SCC(CC)CCCC)cc4)c3s2)sc1-c1cc(CCCCCC)c(-c2ccc(/C=C3\SC(=S)N(CCCC)C3=O)s2)s1;-5,1;-3,51;626;CF;BO-4Cl;-5,66;-4,09;822;0,82;24,34;75;15;01:01;[7];✅ OK
BTR;CCCCCCc1cc(-c2c3cc(-c4cc(CCCCCC)c(-c5cc(CCCCCC)c(-c6ccc(/C=C7\SC(=S)N(CCCCCC)C7=O)s6)s5)s4)sc3c(-c3cc(CCCCCC)c(CC(CC)CCCC)s3)c3cc(-c4cc(CCCCCC)c(-c5cc(CCCCCC)c(-c6ccc(/C=C7\SC(=S)N(CCCCCC)C7=O)s6)s5)s4)sc23)sc1CC(CC)CCCC;-5,34;-3,52;620;CB;BO-4Cl;-5,66;-4,09;822;0,83;18,67;67;10,4;01:01;[7];✅ OK
BTR;CCCCCCc1cc(-c2c3cc(-c4cc(CCCCCC)c(-c5cc(CCCCCC)c(-c6ccc(/C=C7\SC(=S)N(CCCCCC)C7=O)s6)s5)s4)sc3c(-c3cc(CCCCCC)c(CC(CC)CCCC)s3)c3cc(-c4cc(CCCCCC)c(-c5cc(CCCCCC)c(-c6ccc(/C=C7\SC(=S)N(CCCCCC)C7=O)s6)s5)s4)sc23)sc1CC(CC)CCCC;-5,34;-3,52;620;CF;BO-4Cl;-5,66;-4,09;822;0,83;18,93;72;11,3;01:01;[7];✅ OK
BM-Cl;CCCCCCc1cc(-c2cc3c(-c4cccc(SCC(CC)CCCC)c4)c4sc(-c5cc(CCCCCC)c(-c6cc(CCCCCC)c(-c7sc(/C=C8\SC(=S)N(CCCCC)C8=O)cc7Cl)s6)s5)cc4c(-c4cccc(SCC(CC)CCCC)c4)c3s2)sc1-c1cc(CCCCCC)c(-c2sc(/C=C3\SC(=S)N(CCCCC)C3=O)cc2Cl)s1;-4,98;-3,06;584;CF;BO-4Cl;-5,6;-4,16;833;0,806;26,23;72,9;15,4;01:01;[8];✅ OK
BM-ClEH;CCCCCCc1cc(-c2cc3c(-c4cccc(SCC(CC)CCCC)c4)c4sc(-c5cc(CCCCCC)c(-c6cc(CCCCCC)c(-c7sc(/C=C8\SC(=S)N(C(CC)CCCC)C8=O)cc7Cl)s6)s5)cc4c(-c4cccc(SCC(CC)CCCC)c4)c3s2)sc1-c1cc(CCCCCC)c(-c2sc(/C=C3\SC(=S)N(C(CC)CCCC)C3=O)cc2Cl)s1;-5,06;-3,2;569;CF;BO-4Cl;-5,57;-4,14;835;0,835;22,26;73,6;13,7;01:01;[8];✅ OK
BM-ClEH;CCCCCCc1cc(-c2cc3c(-c4cccc(SCC(CC)CCCC)c4)c4sc(-c5cc(CCCCCC)c(-c6cc(CCCCCC)c(-c7sc(/C=C8\SC(=S)N(C(CC)CCCC)C8=O)cc7Cl)s6)s5)cc4c(-c4cccc(SCC(CC)CCCC)c4)c3s2)sc1-c1cc(CCCCCC)c(-c2sc(/C=C3\SC(=S)N(C(CC)CCCC)C3=O)cc2Cl)s1;-5,06;-3,2;569;THF;BO-4Cl;-5,57;-4,14;835;0,846;24,38;72,7;15;01:01;[8];✅ OK
BDTT-TR;CCCCCCCCc1cc(/C=C2\SC(=S)N(CC)C2=O)sc1-c1ccc(-c2sc(-c3cc4c(-c5ccc(CC(CC)CCCC)s5)c5sc(-c6cc(CCCCCCCC)c(-c7ccc(-c8sc(/C=C9\SC(=S)N(CC)C9=O)cc8CCCCCCCC)s7)s6)cc5c(-c5ccc(CC(CC)CCCC)s5)c4s3)cc2CCCCCCCC)s1;-5,17;-3,43;708;THF;Y6;-5,7;-4,08;833;0,784;20,56;47,74;7,7;01:01;[10];✅ OK
BDTT-TR;CCCCCCCCc1cc(/C=C2\SC(=S)N(CC)C2=O)sc1-c1ccc(-c2sc(-c3cc4c(-c5ccc(CC(CC)CCCC)s5)c5sc(-c6cc(CCCCCCCC)c(-c7ccc(-c8sc(/C=C9\SC(=S)N(CC)C9=O)cc8CCCCCCCC)s7)s6)cc5c(-c5ccc(CC(CC)CCCC)s5)c4s3)cc2CCCCCCCC)s1;-5,17;-3,43;708;THF;Y6;-5,7;-4,08;833;0,793;23,4;54,57;10,12;1,2:1;[10];✅ OK
BDTT-TR;CCCCCCCCc1cc(/C=C2\SC(=S)N(CC)C2=O)sc1-c1ccc(-c2sc(-c3cc4c(-c5ccc(CC(CC)CCCC)s5)c5sc(-c6cc(CCCCCCCC)c(-c7ccc(-c8sc(/C=C9\SC(=S)N(CC)C9=O)cc8CCCCCCCC)s7)s6)cc5c(-c5ccc(CC(CC)CCCC)s5)c4s3)cc2CCCCCCCC)s1;-5,17;-3,43;708;THF;Y6;-5,7;-4,08;833;0,786;23,57;58,57;10,92;1,4:1;[10];✅ OK
BDTT-TR;CCCCCCCCc1cc(/C=C2\SC(=S)N(CC)C2=O)sc1-c1ccc(-c2sc(-c3cc4c(-c5ccc(CC(CC)CCCC)s5)c5sc(-c6cc(CCCCCCCC)c(-c7ccc(-c8sc(/C=C9\SC(=S)N(CC)C9=O)cc8CCCCCCCC)s7)s6)cc5c(-c5ccc(CC(CC)CCCC)s5)c4s3)cc2CCCCCCCC)s1;-5,17;-3,43;708;THF;Y6;-5,7;-4,08;833;0,78;22,45;58,94;11,18;1,6:1;[10];✅ OK
BDTT-TR;CCCCCCCCc1cc(/C=C2\SC(=S)N(CC)C2=O)sc1-c1ccc(-c2sc(-c3cc4c(-c5ccc(CC(CC)CCCC)s5)c5sc(-c6cc(CCCCCCCC)c(-c7ccc(-c8sc(/C=C9\SC(=S)N(CC)C9=O)cc8CCCCCCCC)s7)s6)cc5c(-c5ccc(CC(CC)CCCC)s5)c4s3)cc2CCCCCCCC)s1;-5,17;-3,43;708;THF;Y6;-5,7;-4,08;833;0,78;23,64;66,06;12,18;1,8:1;[10];✅ OK
BDTT-TR;CCCCCCCCc1cc(/C=C2\SC(=S)N(CC)C2=O)sc1-c1ccc(-c2sc(-c3cc4c(-c5ccc(CC(CC)CCCC)s5)c5sc(-c6cc(CCCCCCCC)c(-c7ccc(-c8sc(/C=C9\SC(=S)N(CC)C9=O)cc8CCCCCCCC)s7)s6)cc5c(-c5ccc(CC(CC)CCCC)s5)c4s3)cc2CCCCCCCC)s1;-5,17;-3,43;708;THF;Y6;-5,7;-4,08;833;0,785;23,52;64,51;11,92;02:01;[10];✅ OK
TBFT-TR;CCCCCCCCc1cc(/C=C2\SC(=S)N(CC)C2=O)sc1-c1ccc(-c2sc(-c3cc4c(-c5ccc(CC(CC)CCCC)s5)c5sc(-c6cc(CCCCCCCC)c(-c7ccc(-c8sc(/C=C9\SC(=S)N(CC)C9=O)cc8CCCCCCCC)s7)s6)cc5c(-c5ccc(CC(CC)CCCC)s5)c4o3)cc2CCCCCCCC)s1;-5,16;-3,46;727;THF;Y6;-5,7;-4,08;833;0,785;22,69;48,92;8,71;01:01;[10];✅ OK
TBFT-TR;CCCCCCCCc1cc(/C=C2\SC(=S)N(CC)C2=O)sc1-c1ccc(-c2sc(-c3cc4c(-c5ccc(CC(CC)CCCC)s5)c5sc(-c6cc(CCCCCCCC)c(-c7ccc(-c8sc(/C=C9\SC(=S)N(CC)C9=O)cc8CCCCCCCC)s7)s6)cc5c(-c5ccc(CC(CC)CCCC)s5)c4o3)cc2CCCCCCCC)s1;-5,16;-3,46;727;THF;Y6;-5,7;-4,08;833;0,779;23,52;59,29;10,86;1,2:1;[10];✅ OK
TBFT-TR;CCCCCCCCc1cc(/C=C2\SC(=S)N(CC)C2=O)sc1-c1ccc(-c2sc(-c3cc4c(-c5ccc(CC(CC)CCCC)s5)c5sc(-c6cc(CCCCCCCC)c(-c7ccc(-c8sc(/C=C9\SC(=S)N(CC)C9=O)cc8CCCCCCCC)s7)s6)cc5c(-c5ccc(CC(CC)CCCC)s5)c4o3)cc2CCCCCCCC)s1;-5,16;-3,46;727;THF;Y6;-5,7;-4,08;833;0,78;23,59;64,4;11,85;1,4:1;[10];✅ OK
TBFT-TR;CCCCCCCCc1cc(/C=C2\SC(=S)N(CC)C2=O)sc1-c1ccc(-c2sc(-c3cc4c(-c5ccc(CC(CC)CCCC)s5)c5sc(-c6cc(CCCCCCCC)c(-c7ccc(-c8sc(/C=C9\SC(=S)N(CC)C9=O)cc8CCCCCCCC)s7)s6)cc5c(-c5ccc(CC(CC)CCCC)s5)c4o3)cc2CCCCCCCC)s1;-5,16;-3,46;727;THF;Y6;-5,7;-4,08;833;0,784;24,32;67,27;12,83;1,6:1;[10];✅ OK
TBFT-TR;CCCCCCCCc1cc(/C=C2\SC(=S)N(CC)C2=O)sc1-c1ccc(-c2sc(-c3cc4c(-c5ccc(CC(CC)CCCC)s5)c5sc(-c6cc(CCCCCCCC)c(-c7ccc(-c8sc(/C=C9\SC(=S)N(CC)C9=O)cc8CCCCCCCC)s7)s6)cc5c(-c5ccc(CC(CC)CCCC)s5)c4o3)cc2CCCCCCCC)s1;-5,16;-3,46;727;THF;Y6;-5,7;-4,08;833;0,784;24,59;72,78;14,03;1,8:1;[10];✅ OK
TBFT-TR;CCCCCCCCc1cc(/C=C2\SC(=S)N(CC)C2=O)sc1-c1ccc(-c2sc(-c3cc4c(-c5ccc(CC(CC)CCCC)s5)c5sc(-c6cc(CCCCCCCC)c(-c7ccc(-c8sc(/C=C9\SC(=S)N(CC)C9=O)cc8CCCCCCCC)s7)s6)cc5c(-c5ccc(CC(CC)CCCC)s5)c4o3)cc2CCCCCCCC)s1;-5,16;-3,46;727;THF;Y6;-5,7;-4,08;833;0,785;24,21;69,15;13,14;02:01;[10];✅ OK
TBFT-TR;CCCCCCCCc1cc(/C=C2\SC(=S)N(CC)C2=O)sc1-c1ccc(-c2sc(-c3cc4c(-c5ccc(CC(CC)CCCC)s5)c5sc(-c6cc(CCCCCCCC)c(-c7ccc(-c8sc(/C=C9\SC(=S)N(CC)C9=O)cc8CCCCCCCC)s7)s6)cc5c(-c5ccc(CC(CC)CCCC)s5)c4o3)cc2CCCCCCCC)s1;-5,16;-3,46;727;THF;N3;-5,64;-4,08;751;0,774;24,5;72,57;13,76;1,8:1;[10];✅ OK
BSCl-C1;CCCCCCc1cc(/C=C2\SC(=O)N(C(CC)CCCC)C2=O)sc1-c1cc2sc(-c3cc4c(-c5cc(Cl)c(SCC(CC)CCCC)s5)c5sc(-c6sc7cc(-c8sc(/C=C9\SC(=O)N(C(CC)CCCC)C9=O)cc8CCCCCC)sc7c6CCCCCC)cc5c(-c5cc(Cl)c(SCC(CC)CCCC)s5)c4s3)c(CCCCCC)c2s1;-5,59;-3,34;664,6;CF;IDIC-4Cl;-5,88;-3,98;755,8;0,564;4,7;33,9;0,9;1,5:1;[11];✅ OK
BSCl-C2;CCCCCCc1cc(/C=C2\SC(=O)N(CC(CC)CCCC)C2=O)sc1-c1cc2sc(-c3cc4c(-c5cc(Cl)c(SCC(CC)CCCC)s5)c5sc(-c6sc7cc(-c8sc(/C=C9\SC(=O)N(CC(CC)CCCC)C9=O)cc8CCCCCC)sc7c6CCCCCC)cc5c(-c5cc(Cl)c(SCC(CC)CCCC)s5)c4s3)c(CCCCCC)c2s1;-5,58;-3,39;680,7;CF;IDIC-4Cl;-5,88;-3,98;755,8;0,865;20,1;71,3;12,4;1,5:1;[11];✅ OK
BSCl-C3;CCCCCCc1cc(/C=C2\SC(=O)N(CCC(CC)CCCC)C2=O)sc1-c1cc2sc(-c3cc4c(-c5cc(Cl)c(SCC(CC)CCCC)s5)c5sc(-c6sc7cc(-c8sc(/C=C9\SC(=O)N(CCC(CC)CCCC)C9=O)cc8CCCCCC)sc7c6CCCCCC)cc5c(-c5cc(Cl)c(SCC(CC)CCCC)s5)c4s3)c(CCCCCC)c2s1;-5,55;-3,37;675,4;CF;IDIC-4Cl;-5,88;-3,98;755,8;0,87;14,2;67;8,25;1,5:1;[11];✅ OK
ZR1;CCCCCCCCc1cc(-c2cc3sc4c(-c5ccc(CC(CCCC)CCCCCC)s5)c5c(sc6cc(-c7cc(CCCCCCCC)c(-c8ccc(/C=C9/SC(=S)N(CCCCCC)C9=O)s8)s7)sc65)c(-c5ccc(CCC(CCCC)CCCCCC)s5)c4c3s2)sc1-c1ccc(/C=C2/SC(=S)N(CCCCCC)C2=O)s1;-5,32;-3,35;620;CF;Y6;-5,72;-4,1;820;0,855;20,56;67,07;11,8;01:00,4;[11];✅ OK
ZR1;CCCCCCCCc1cc(-c2cc3sc4c(-c5ccc(CC(CCCC)CCCCCC)s5)c5c(sc6cc(-c7cc(CCCCCCCC)c(-c8ccc(/C=C9/SC(=S)N(CCCCCC)C9=O)s8)s7)sc65)c(-c5ccc(CCC(CCCC)CCCCCC)s5)c4c3s2)sc1-c1ccc(/C=C2/SC(=S)N(CCCCCC)C2=O)s1;-5,32;-3,35;620;CF;Y6;-5,72;-4,1;820;0,861;24,34;68,44;14,34;01:00,5;[11];✅ OK
ZR1;CCCCCCCCc1cc(-c2cc3sc4c(-c5ccc(CC(CCCC)CCCCCC)s5)c5c(sc6cc(-c7cc(CCCCCCCC)c(-c8ccc(/C=C9/SC(=S)N(CCCCCC)C9=O)s8)s7)sc65)c(-c5ccc(CCC(CCCC)CCCCCC)s5)c4c3s2)sc1-c1ccc(/C=C2/SC(=S)N(CCCCCC)C2=O)s1;-5,32;-3,35;620;CF;Y6;-5,72;-4,1;820;0,869;21,18;62,24;11,46;01:06,0;[13];✅ OK
ZR1;CCCCCCCCc1cc(-c2cc3sc4c(-c5ccc(CC(CCCC)CCCCCC)s5)c5c(sc6cc(-c7cc(CCCCCCCC)c(-c8ccc(/C=C9/SC(=S)N(CCCCCC)C9=O)s8)s7)sc65)c(-c5ccc(CCC(CCCC)CCCCCC)s5)c4c3s2)sc1-c1ccc(/C=C2/SC(=S)N(CCCCCC)C2=O)s1;-5,32;-3,35;620;CF;IDIC-4Cl;-5,91;-4,1;756;0,789;17,14;66,37;9,08;01:00,4;;✅ OK
ZR1;CCCCCCCCc1cc(-c2cc3sc4c(-c5ccc(CC(CCCC)CCCCCC)s5)c5c(sc6cc(-c7cc(CCCCCCCC)c(-c8ccc(/C=C9/SC(=S)N(CCCCCC)C9=O)s8)s7)sc65)c(-c5ccc(CCC(CCCC)CCCCCC)s5)c4c3s2)sc1-c1ccc(/C=C2/SC(=S)N(CCCCCC)C2=O)s1;-5,32;-3,35;620;CF;IDIC-4Cl;-5,91;-4,1;756;0,776;18,27;67,96;9,64;01:00,5;;✅ OK
ZR1;CCCCCCCCc1cc(-c2cc3sc4c(-c5ccc(CC(CCCC)CCCCCC)s5)c5c(sc6cc(-c7cc(CCCCCCCC)c(-c8ccc(/C=C9/SC(=S)N(CCCCCC)C9=O)s8)s7)sc65)c(-c5ccc(CCC(CCCC)CCCCCC)s5)c4c3s2)sc1-c1ccc(/C=C2/SC(=S)N(CCCCCC)C2=O)s1;-5,32;-3,35;620;CF;IDIC-4Cl;-5,91;-4,1;756;0,785;17,53;66,03;9,2;01:06,0;;✅ OK
DCAO3TBDTT;CCCCCCCCc1cc(/C=C(\C#N)C(=O)OCC(CC)CCCC)sc1-c1ccc(-c2sc(-c3cc4c(-c5ccc(SCC(CC)CCCC)s5)c5sc(-c6cc(CCCCCCCC)c(-c7ccc(-c8sc(/C=C(\C#N)C(=O)OCC(CC)CCCC)cc8CCCCCCCC)s7)s6)cc5c(-c5ccc(SCC(CC)CCCC)s5)c4s3)cc2CCCCCCCC)s1;-5,37;-3,38;567;CN;Y6;-5,65;-4,1;833;0,804;21,71;60,95;10,64;02:01;[12];✅ OK
BTEC-1F;CCCCCCCCc1cc(/C=C(\C#N)C(=O)OCC(CC)CCC)sc1-c1ccc(-c2sc(-c3cc4c(-c5cc(F)c(SCC(CC)CCCC)s5)c5sc(-c6cc(CCCCCCCC)c(-c7ccc(-c8sc(/C=C(\C#N)C(=O)OCC(CC)CCCC)cc8CCCCCCCC)s7)s6)cc5c(-c5cc(F)c(SCC(CC)CCCC)s5)c4s3)cc2CCCCCCCC)s1;-5,39;-3,37;561;CN;Y6;-5,65;-4,1;833;0,87;21,21;61,35;11,33;02:01;[12];✅ OK
BTEC-2F;CCCCCCCCc1cc(/C=C(\C#N)C(=O)OCC(CC)CCCC)sc1-c1ccc(-c2sc(-c3cc4c(-c5sc(SCC(CC)CCCC)c(F)c5F)c5sc(-c6cc(CCCCCCCC)c(-c7ccc(-c8sc(/C=C(\C#N)C(=O)OCC(CC)CCCC)cc8CCCCCCCC)s7)s6)cc5c(-c5sc(SCC(CC)CCCC)c(F)c5F)c4s3)cc2CCCCCCCC)s1;-5,39;-3,38;561;CN;Y6;-5,65;-4,1;833;0,854;21,55;72,35;13,34;02:01;[12];✅ OK
BT-2F;CCCCCCc1cc(-c2cc3c(-c4sc(SCC(CC)CCCC)c(F)c4F)c4sc(-c5cc(CCCCCC)c(-c6cc(CCCCCC)c(-c7ccc(/C=C(\C#N)C(=O)OCC(CC)CCCC)s7)s6)s5)cc4c(-c4sc(SCC(CC)CCCC)c(F)c4F)c3s2)sc1-c1cc(CCCCCC)c(-c2ccc(/C=C(\C#N)C(=O)OCC(CC)CCCC)s2)s1;-5,4;-4,4;554;CF;Y6;-5,65;-4,1;833;0,853;22,38;72,27;13,8;01:01;[14];✅ OK
SM1-F;CCCCCCCCc1cc(/C=C(\C#N)C(=O)OCC(CC)CCCC)sc1-c1ccc(-c2sc(-c3cc4c(-c5cc(F)c(C(CC)CCCC)s5)c5sc(-c6cc(CCCCCCCC)c(-c7ccc(-c8sc(/C=C(\C#N)C(=O)OCC(CC)CCCC)cc8CCCCCCCC)s7)s6)cc5c(-c5cc(F)c(CC(CC)CCCC)s5)c4s3)cc2CCCCCCCC)s1;-5,37;-2,81;556;CF;Y6;-5,65;-4,1;833;0,866;23,25;69,9;14,07;2,2:1;[15];✅ OK
SM1;CCCCCCCCc1cc(/C=C(\C#N)C(=O)OCC(CC)CCCC)sc1-c1ccc(-c2sc(-c3cc4c(-c5ccc(C(CC)CCCC)s5)c5sc(-c6cc(CCCCCCCC)c(-c7ccc(-c8sc(/C=C(\C#N)C(=O)OCC(CC)CCCC)cc8CCCCCCCC)s7)s6)cc5c(-c5ccc(CC(CC)CCCC)s5)c4s3)cc2CCCCCCCC)s1;-5,25;-2,78;567;CF;Y6;-5,65;-4,1;833;0,805;23,59;67;12,72;2,2:1;[15];✅ OK
SM1-S;CCCCCCCCc1cc(/C=C(\C#N)C(=O)OCC(CC)CCCC)sc1-c1ccc(-c2sc(-c3cc4c(-c5ccc(SCC(CC)CCCC)s5)c5sc(-c6cc(CCCCCCCC)c(-c7ccc(-c8sc(/C=C(\C#N)C(=O)OCC(CC)CCCC)cc8CCCCCCCC)s7)s6)cc5c(-c5ccc(SCC(CC)CCCC)s5)c4s3)cc2CCCCCCCC)s1;-5,32;-2,81;562;CF;Y6;-5,65;-4,1;833;0,825;23,23;67,7;12,94;2,2:1;[15];✅ OK
BTTzR;CCCCCCc1sc(-c2c3cc(-c4sc(-c5nc6sc(-c7cc(C(CC)CCCC)c(/C=C8\SC(=S)N(CCCC)C8=O)s7)nc6s5)cc4C(CC)CCCC)sc3c(-c3cc(C(CC)CCCC)c(CCCCCC)s3)c3cc(-c4sc(-c5nc6sc(-c7cc(C(CC)CCCC)c(/C=C8\SC(=S)N(CCCC)C8=O)s7)nc6s5)cc4C(CC)CCCC)sc23)cc1C(CC)CCCC;-5,58;-3,59;575;CF;Y6;-5,65;-4,1;833;0,88;23,2;68;13,9;01:01;[133];✅ OK
S-BF;Cc1cc(-c2cc3c(-c4ccc(SCC(C)C)c(F)c4)c4sc(-c5cc(C)c(-c6cc(C)c(-c7ccc(/C=C8/SC(=S)N(C)C8=O)s7)s6)s5)cc4c(-c4ccc(SCC(C)C)c(F)c4)c3s2)sc1-c1cc(C)c(-c2ccc(/C=C3/SC(=S)N(C)C3=O)s2)s1;-5,32;-2,8;624;CB;L8-BO;-5,69;-3,91;800;0,885;24,91;63,44;13,99;01:01;[16];✅ OK
S-BF;Cc1cc(-c2cc3c(-c4ccc(SCC(C)C)c(F)c4)c4sc(-c5cc(C)c(-c6cc(C)c(-c7ccc(/C=C8/SC(=S)N(C)C8=O)s7)s6)s5)cc4c(-c4ccc(SCC(C)C)c(F)c4)c3s2)sc1-c1cc(C)c(-c2ccc(/C=C3/SC(=S)N(C)C3=O)s2)s1;-5,32;-2,8;624;CB;L8-BO;-5,69;-3,91;800;0,86;23,61;70,48;14,31;1,2:1;[16];✅ OK
S-BF;Cc1cc(-c2cc3c(-c4ccc(SCC(C)C)c(F)c4)c4sc(-c5cc(C)c(-c6cc(C)c(-c7ccc(/C=C8/SC(=S)N(C)C8=O)s7)s6)s5)cc4c(-c4ccc(SCC(C)C)c(F)c4)c3s2)sc1-c1cc(C)c(-c2ccc(/C=C3/SC(=S)N(C)C3=O)s2)s1;-5,32;-2,8;624;CB;L8-BO;-5,69;-3,91;800;0,868;22,91;69,39;14,92;1,4:1;[16];✅ OK
S-BF;Cc1cc(-c2cc3c(-c4ccc(SCC(C)C)c(F)c4)c4sc(-c5cc(C)c(-c6cc(C)c(-c7ccc(/C=C8/SC(=S)N(C)C8=O)s7)s6)s5)cc4c(-c4ccc(SCC(C)C)c(F)c4)c3s2)sc1-c1cc(C)c(-c2ccc(/C=C3/SC(=S)N(C)C3=O)s2)s1;-5,32;-2,8;624;CB;L8-BO;-5,69;-3,91;800;0,863;21,44;73,23;13,23;1,6:1;[16];✅ OK
S-TCp;Cc1cc(-c2cc3c(-c4cc(Cl)c(CCCCCCC5CCCC5)s4)c4sc(-c5cc(C)c(-c6cc(C)c(-c7ccc(/C=C8/SC(=S)N(C)C8=O)s7)s6)s5)cc4c(-c4cc(Cl)c(CCCCCCC5CCCC5)s4)c3s2)sc1-c1cc(C)c(-c2ccc(/C=C3/SC(=S)N(C)C3=O)s2)s1;-5,27;-2,76;627;CB;L8-BO;-5,69;-3,91;800;0,856;25,48;66,41;14,5;01:01;[16];✅ OK
S-TCp;Cc1cc(-c2cc3c(-c4cc(Cl)c(CCCCCCC5CCCC5)s4)c4sc(-c5cc(C)c(-c6cc(C)c(-c7ccc(/C=C8/SC(=S)N(C)C8=O)s7)s6)s5)cc4c(-c4cc(Cl)c(CCCCCCC5CCCC5)s4)c3s2)sc1-c1cc(C)c(-c2ccc(/C=C3/SC(=S)N(C)C3=O)s2)s1;-5,27;-2,76;627;CB;L8-BO;-5,69;-3,91;800;0,861;25,07;70,95;15,33;1,2:1;[16];✅ OK
S-TCp;Cc1cc(-c2cc3c(-c4cc(Cl)c(CCCCCCC5CCCC5)s4)c4sc(-c5cc(C)c(-c6cc(C)c(-c7ccc(/C=C8/SC(=S)N(C)C8=O)s7)s6)s5)cc4c(-c4cc(Cl)c(CCCCCCC5CCCC5)s4)c3s2)sc1-c1cc(C)c(-c2ccc(/C=C3/SC(=S)N(C)C3=O)s2)s1;-5,27;-2,76;627;CB;L8-BO;-5,69;-3,91;800;0,87;24,59;73,83;15,77;1,4:1;[16];✅ OK
S-TCp;Cc1cc(-c2cc3c(-c4cc(Cl)c(CCCCCCC5CCCC5)s4)c4sc(-c5cc(C)c(-c6cc(C)c(-c7ccc(/C=C8/SC(=S)N(C)C8=O)s7)s6)s5)cc4c(-c4cc(Cl)c(CCCCCCC5CCCC5)s4)c3s2)sc1-c1cc(C)c(-c2ccc(/C=C3/SC(=S)N(C)C3=O)s2)s1;-5,27;-2,76;627;CB;L8-BO;-5,69;-3,91;800;0,863;21,47;73,22;13,56;1,6:1;[16];✅ OK
As-TCp;Cc1cc(-c2cc3c(-c4cc(Cl)c(CCCCCCC5CCCC5)s4)c4sc(-c5cc(C)c(-c6cc(C)c(-c7ccc(/C=C8/SC(=S)N(C)C8=O)s7)s6)s5)cc4c(-c4ccc(SCC(C)C)c(F)c4)c3s2)sc1-c1cc(C)c(-c2ccc(/C=C3/SC(=S)N(C)C3=O)s2)s1;-5,3;-2,78;626;CB;L8-BO;-5,69;-3,91;800;0,878;23,83;69,22;14,49;01:01;[16];✅ OK
As-TCp;Cc1cc(-c2cc3c(-c4cc(Cl)c(CCCCCCC5CCCC5)s4)c4sc(-c5cc(C)c(-c6cc(C)c(-c7ccc(/C=C8/SC(=S)N(C)C8=O)s7)s6)s5)cc4c(-c4ccc(SCC(C)C)c(F)c4)c3s2)sc1-c1cc(C)c(-c2ccc(/C=C3/SC(=S)N(C)C3=O)s2)s1;-5,3;-2,78;626;CB;L8-BO;-5,69;-3,91;800;0,869;24,5;70,54;14,98;1,2:1;[16];✅ OK
As-TCp;Cc1cc(-c2cc3c(-c4cc(Cl)c(CCCCCCC5CCCC5)s4)c4sc(-c5cc(C)c(-c6cc(C)c(-c7ccc(/C=C8/SC(=S)N(C)C8=O)s7)s6)s5)cc4c(-c4ccc(SCC(C)C)c(F)c4)c3s2)sc1-c1cc(C)c(-c2ccc(/C=C3/SC(=S)N(C)C3=O)s2)s1;-5,3;-2,78;626;CB;L8-BO;-5,69;-3,91;800;0,873;25,17;74,9;16,46;1,4:1;[16];✅ OK
As-TCp;Cc1cc(-c2cc3c(-c4cc(Cl)c(CCCCCCC5CCCC5)s4)c4sc(-c5cc(C)c(-c6cc(C)c(-c7ccc(/C=C8/SC(=S)N(C)C8=O)s7)s6)s5)cc4c(-c4ccc(SCC(C)C)c(F)c4)c3s2)sc1-c1cc(C)c(-c2ccc(/C=C3/SC(=S)N(C)C3=O)s2)s1;-5,3;-2,78;626;CB;L8-BO;-5,69;-3,91;800;0,866;24,31;73,84;15,54;1,6:1;[16];✅ OK
SM-R;Cc1cc(-c2cc3c(-c4sc(SCC(C)C)c(F)c4F)c4sc(-c5cc(C)c(-c6cc(C)c(-c7ccc(/C=C8/SC(=S)N(C)C8=O)s7)s6)s5)cc4c(-c4sc(SCC(C)C)c(F)c4F)c3s2)sc1-c1cc(C)c(-c2ccc(/C=C3/SC(=S)N(C)C3=O)s2)s1;-5,35;-3,57;578;CF;N3;-5,64;-4,08;751;0,84;22,84;58,78;11,32;01:01,5;[17];✅ OK
SM-R;Cc1cc(-c2cc3c(-c4sc(SCC(C)C)c(F)c4F)c4sc(-c5cc(C)c(-c6cc(C)c(-c7ccc(/C=C8/SC(=S)N(C)C8=O)s7)s6)s5)cc4c(-c4sc(SCC(C)C)c(F)c4F)c3s2)sc1-c1cc(C)c(-c2ccc(/C=C3/SC(=S)N(C)C3=O)s2)s1;-5,35;-3,57;578;CF;N3;-5,64;-4,08;751;0,86;24,64;66,2;14;01:01;[17];✅ OK
SM-R;Cc1cc(-c2cc3c(-c4sc(SCC(C)C)c(F)c4F)c4sc(-c5cc(C)c(-c6cc(C)c(-c7ccc(/C=C8/SC(=S)N(C)C8=O)s7)s6)s5)cc4c(-c4sc(SCC(C)C)c(F)c4F)c3s2)sc1-c1cc(C)c(-c2ccc(/C=C3/SC(=S)N(C)C3=O)s2)s1;-5,35;-3,57;578;CF;N3;-5,64;-4,08;751;0,85;24,18;66,92;13,69;1,5:1;[17];✅ OK
SM-REH;Cc1cc(-c2cc3c(-c4sc(SCC(C)C)c(F)c4F)c4sc(-c5cc(C)c(-c6cc(C)c(-c7ccc(/C=C8/SC(=S)N(C(C)C)C8=O)s7)s6)s5)cc4c(-c4sc(SCC(C)C)c(F)c4F)c3s2)sc1-c1cc(C)c(-c2ccc(/C=C3/SC(=S)N(C(C)C)C3=O)s2)s1;-5,4;-3,56;573;CF;N3;-5,64;-4,08;751;0,85;24,81;67,77;14,25;01:01,5;[17];✅ OK
SM-REH;Cc1cc(-c2cc3c(-c4sc(SCC(C)C)c(F)c4F)c4sc(-c5cc(C)c(-c6cc(C)c(-c7ccc(/C=C8/SC(=S)N(C(C)C)C8=O)s7)s6)s5)cc4c(-c4sc(SCC(C)C)c(F)c4F)c3s2)sc1-c1cc(C)c(-c2ccc(/C=C3/SC(=S)N(C(C)C)C3=O)s2)s1;-5,4;-3,56;573;CF;N3;-5,64;-4,08;751;0,85;25,42;72,4;15,6;01:01;[17];✅ OK
SM-REH;Cc1cc(-c2cc3c(-c4sc(SCC(C)C)c(F)c4F)c4sc(-c5cc(C)c(-c6cc(C)c(-c7ccc(/C=C8/SC(=S)N(C(C)C)C8=O)s7)s6)s5)cc4c(-c4sc(SCC(C)C)c(F)c4F)c3s2)sc1-c1cc(C)c(-c2ccc(/C=C3/SC(=S)N(C(C)C)C3=O)s2)s1;-5,4;-3,56;573;CF;N3;-5,64;-4,08;751;0,85;25,03;69,46;14,71;1,5:1;[17];✅ OK
SM-EH-R;Cc1cc(-c2cc3c(-c4sc(SCC(C)C)c(F)c4F)c4sc(-c5cc(C)c(-c6cc(C(C)C)c(-c7ccc(/C=C8/SC(=S)N(C(C)C)C8=O)s7)s6)s5)cc4c(-c4sc(SCC(C)C)c(F)c4F)c3s2)sc1-c1cc(C(C)C)c(-c2ccc(/C=C3/SC(=S)N(C(C)C)C3=O)s2)s1;-5,41;-3,57;570;CF;N3;-5,64;-4,08;751;0,86;20,82;63,08;11,29;01:01,5;[17];✅ OK
SM-EH-R;Cc1cc(-c2cc3c(-c4sc(SCC(C)C)c(F)c4F)c4sc(-c5cc(C)c(-c6cc(C(C)C)c(-c7ccc(/C=C8/SC(=S)N(C(C)C)C8=O)s7)s6)s5)cc4c(-c4sc(SCC(C)C)c(F)c4F)c3s2)sc1-c1cc(C(C)C)c(-c2ccc(/C=C3/SC(=S)N(C(C)C)C3=O)s2)s1;-5,41;-3,57;570;CF;N3;-5,64;-4,08;751;0,85;23,73;71,3;14,4;01:01;[17];✅ OK
SM-EH-R;Cc1cc(-c2cc3c(-c4sc(SCC(C)C)c(F)c4F)c4sc(-c5cc(C)c(-c6cc(C(C)C)c(-c7ccc(/C=C8/SC(=S)N(C(C)C)C8=O)s7)s6)s5)cc4c(-c4sc(SCC(C)C)c(F)c4F)c3s2)sc1-c1cc(C(C)C)c(-c2ccc(/C=C3/SC(=S)N(C(C)C)C3=O)s2)s1;-5,41;-3,57;570;CF;N3;-5,64;-4,08;751;0,86;21,62;61,24;11,39;1,5:1;[17];✅ OK
SM-EH-REH;CCCCCCc1cc(-c2cc3c(-c4sc(SCC(CC)CCCC)c(F)c4F)c4sc(-c5cc(CCCCCC)c(-c6cc(C(CC)CCCC)c(-c7ccc(/C=C8/SC(=S)N(CCCCCC)C8=O)s7)s6)s5)cc4c(-c4sc(SCC(CC)CCCC)c(F)c4F)c3s2)sc1-c1cc(C(CC)CCCC)c(-c2ccc(/C=C3/SC(=S)N(CCCCCC)C3=O)s2)s1;-5,41;-3,54;572;CF;N3;-5,64;-4,08;751;0,85;22,89;67,33;13,18;01:01,5;[17];✅ OK
SM-EH-REH;CCCCCCc1cc(-c2cc3c(-c4sc(SCC(CC)CCCC)c(F)c4F)c4sc(-c5cc(CCCCCC)c(-c6cc(C(CC)CCCC)c(-c7ccc(/C=C8/SC(=S)N(CCCCCC)C8=O)s7)s6)s5)cc4c(-c4sc(SCC(CC)CCCC)c(F)c4F)c3s2)sc1-c1cc(C(CC)CCCC)c(-c2ccc(/C=C3/SC(=S)N(CCCCCC)C3=O)s2)s1;-5,41;-3,54;572;CF;N3;-5,64;-4,08;751;0,85;23,73;71,33;14,39;01:01;[17];✅ OK
SM-EH-REH;CCCCCCc1cc(-c2cc3c(-c4sc(SCC(CC)CCCC)c(F)c4F)c4sc(-c5cc(CCCCCC)c(-c6cc(C(CC)CCCC)c(-c7ccc(/C=C8/SC(=S)N(CCCCCC)C8=O)s7)s6)s5)cc4c(-c4sc(SCC(CC)CCCC)c(F)c4F)c3s2)sc1-c1cc(C(CC)CCCC)c(-c2ccc(/C=C3/SC(=S)N(CCCCCC)C3=O)s2)s1;-5,41;-3,54;572;CF;N3;-5,64;-4,08;751;0,84;24,17;68,85;14,06;1,5:1;[17];✅ OK
SW1;Cc1cc(-c2cc3c(-c4ccc(SCC(C)C)s4)c4sc(-c5cc(C)c(-c6cc(C)c(-c7ccc(/C=C8/SC(=S)N(C)C8=O)s7)s6)s5)cc4c(-c4ccc(SCC(C)C)s4)c3s2)sc1-c1cc(C)c(-c2ccc(/C=C3/SC(=S)N(C)C3=O)s2)s1;-5,42;-3,43;581;CF;Y6;-5,7;-4,08;833;0,806;25,09;63,8;12,9;01:00,7;[18];✅ OK
SW2;Cc1cc(-c2cc3c(-c4cnc(SCC(C)C)s4)c4sc(-c5cc(C)c(-c6cc(C)c(-c7ccc(/C=C8/SC(=S)N(C)C8=O)s7)s6)s5)cc4c(-c4cnc(SCC(C)C)s4)c3s2)sc1-c1cc(C)c(-c2ccc(/C=C3/SC(=S)N(C)C3=O)s2)s1;-5,47;-3,45;572;CF;Y6;-5,7;-4,08;833;0,83;21,57;67;12;01:00,5;[18];✅ OK
SW2;Cc1cc(-c2cc3c(-c4cnc(SCC(C)C)s4)c4sc(-c5cc(C)c(-c6cc(C)c(-c7ccc(/C=C8/SC(=S)N(C)C8=O)s7)s6)s5)cc4c(-c4cnc(SCC(C)C)s4)c3s2)sc1-c1cc(C)c(-c2ccc(/C=C3/SC(=S)N(C)C3=O)s2)s1;-5,47;-3,45;572;CF;Y6;-5,7;-4,08;833;0,829;22,9;72;13,68;01:00,6;[18];✅ OK
SW2;Cc1cc(-c2cc3c(-c4cnc(SCC(C)C)s4)c4sc(-c5cc(C)c(-c6cc(C)c(-c7ccc(/C=C8/SC(=S)N(C)C8=O)s7)s6)s5)cc4c(-c4cnc(SCC(C)C)s4)c3s2)sc1-c1cc(C)c(-c2ccc(/C=C3/SC(=S)N(C)C3=O)s2)s1;-5,47;-3,45;572;CF;Y6;-5,7;-4,08;833;0,835;25,1;74;15,51;01:00,7;[18];✅ OK
SW2;Cc1cc(-c2cc3c(-c4cnc(SCC(C)C)s4)c4sc(-c5cc(C)c(-c6cc(C)c(-c7ccc(/C=C8/SC(=S)N(C)C8=O)s7)s6)s5)cc4c(-c4cnc(SCC(C)C)s4)c3s2)sc1-c1cc(C)c(-c2ccc(/C=C3/SC(=S)N(C)C3=O)s2)s1;-5,47;-3,45;572;CF;Y6;-5,7;-4,08;833;0,836;24,3;70,1;14,22;01:00,8;[18];✅ OK
SW2;Cc1cc(-c2cc3c(-c4cnc(SCC(C)C)s4)c4sc(-c5cc(C)c(-c6cc(C)c(-c7ccc(/C=C8/SC(=S)N(C)C8=O)s7)s6)s5)cc4c(-c4cnc(SCC(C)C)s4)c3s2)sc1-c1cc(C)c(-c2ccc(/C=C3/SC(=S)N(C)C3=O)s2)s1;-5,47;-3,45;572;CF;Y6;-5,7;-4,08;833;0,837;23,68;57,7;11,48;01:01;[18];✅ OK
SW2;Cc1cc(-c2cc3c(-c4cnc(SCC(C)C)s4)c4sc(-c5cc(C)c(-c6cc(C)c(-c7ccc(/C=C8/SC(=S)N(C)C8=O)s7)s6)s5)cc4c(-c4cnc(SCC(C)C)s4)c3s2)sc1-c1cc(C)c(-c2ccc(/C=C3/SC(=S)N(C)C3=O)s2)s1;-5,47;-3,45;572;CF;Y6;-5,7;-4,08;833;0,838;23,1;48,3;9,37;01:01,2;[18];✅ OK
BO-1;CCCCCCc1cc(-c2cc3c(-c4cnc(SCC(CCCC)CCCCCC)s4)c4sc(-c5cc(CCCCCC)c(-c6cc(CCCCCC)c(-c7ccc(/C=C8/SC(=S)N(C(CC)CCCC)C8=O)s7)s6)s5)cc4c(-c4cnc(SCC(CCCC)CCCCCC)s4)c3s2)sc1-c1cc(CCCCCC)c(-c2ccc(/C=C3/SC(=S)N(C(CC)CCCC)C3=O)s2)s1;-5,3;-3,51;580;CF;BTP-eC9;-5,64;-4,05;828;0,845;25,56;77,74;16,79;01:00,7;[19];✅ OK
HD-1;CCCCCCCCC(CCCCCC)CSc1ncc(-c2c3cc(-c4cc(CCCCCC)c(-c5cc(CCCCCC)c(-c6ccc(/C=C7/SC(=S)N(C(CC)CCCC)C7=O)s6)s5)s4)sc3c(-c3cnc(SCC(CCCCCC)CCCCCCCC)s3)c3cc(-c4cc(CCCCCC)c(-c5cc(CCCCCC)c(-c6ccc(/C=C7/SC(=S)N(C(CC)CCCC)C7=O)s6)s5)s4)sc23)s1;-5,31;-3,46;582;CF;BTP-eC9;-5,64;-4,05;828;0,842;26,04;78,46;17,19;01:00,7;[19];✅ OK
OD-1;CCCCCCCCCCC(CCCCCCCC)CSc1ncc(-c2c3cc(-c4cc(CCCCCC)c(-c5cc(CCCCCC)c(-c6ccc(/C=C7/SC(=S)N(C(CC)CCCC)C7=O)s6)s5)s4)sc3c(-c3cnc(SCC(CCCCCCCC)CCCCCCCCCC)s3)c3cc(-c4cc(CCCCCC)c(-c5cc(CCCCCC)c(-c6ccc(/C=C7/SC(=S)N(C(CC)CCCC)C7=O)s6)s5)s4)sc23)s1;-5,36;-3,48;581;CF;BTP-eC9;-5,64;-4,05;828;0,828;25,49;71,89;15,18;01:00,7;[19];✅ OK
CBTSeHR;CCCCCCCCc1cc(/C=C2/SC(=S)N(CCCCCC)C2=O)sc1-c1ccc(-c2sc(-c3cc4c(-c5cc(Cl)c(CC(CC)CCCC)s5)c5sc(-c6cc(CCCCCCCC)c(-c7ccc(-c8sc(/C=C9/SC(=S)N(CCCCCC)C9=O)cc8CCCCCCCC)[se]7)s6)cc5c(-c5cc(Cl)c(CC(CC)CCCC)s5)c4s3)cc2CCCCCCCC)[se]1;-5,47;-3,62;631;CF;FO-2Cl;-5,83;-3,9;760;0,881;18,76;73,2;12,1;01:01,1;[20];✅ OK
ZR1-C3;CCCCCCCCc1cc(-c2cc3sc4c(-c5ccc(CCCC(CCCC)CCCCCC)s5)c5c(sc6cc(-c7cc(CCCCCCCC)c(-c8ccc(/C=C9\SC(=S)N(CCCCCC)C9=O)s8)s7)sc65)c(-c5ccc(CCCC(CCCC)CCCCCC)s5)c4c3s2)sc1-c1ccc(/C=C2\SC(=S)N(CCCCCC)C2=O)s1;-5,24;-3,53;562;CF;BTP-C11-N2Cl;-5,47;-4,04;800;0,89;20,06;61,23;11,01;01:01,1;[ZR1];✅ OK
ZR1-C3;CCCCCCCCc1cc(-c2cc3sc4c(-c5ccc(CCCC(CCCC)CCCCCC)s5)c5c(sc6cc(-c7cc(CCCCCCCC)c(-c8ccc(/C=C9\SC(=S)N(CCCCCC)C9=O)s8)s7)sc65)c(-c5ccc(CCCC(CCCC)CCCCCC)s5)c4c3s2)sc1-c1ccc(/C=C2\SC(=S)N(CCCCCC)C2=O)s1;-5,24;-3,53;562;CF;BTP-eC9-N2F;-5,46;3,96;780;0,9;20,02;62,89;11,44;01:01,1;[ZR1];✅ OK
ZR1-C3;CCCCCCCCc1cc(-c2cc3sc4c(-c5ccc(CCCC(CCCC)CCCCCC)s5)c5c(sc6cc(-c7cc(CCCCCCCC)c(-c8ccc(/C=C9\SC(=S)N(CCCCCC)C9=O)s8)s7)sc65)c(-c5ccc(CCCC(CCCC)CCCCCC)s5)c4c3s2)sc1-c1ccc(/C=C2\SC(=S)N(CCCCCC)C2=O)s1;-5,24;-3,53;562;CF;BTP-eC9-N4F;-5,51;-4,02;830;0,86;23,63;69;14,29;01:01,1;[ZR1];✅ OK
ZR-C8;CCCCCCCCc1ccc(-c2c3sc4cc(-c5cc(CCCCCCCC)c(-c6ccc(/C=C7\SC(=S)N(CCCCCC)C7=O)s6)s5)sc4c3c(-c3ccc(CCCCCCCC)s3)c3sc4cc(-c5cc(CCCCCCCC)c(-c6ccc(/C=C7\SC(=S)N(CCCCCC)C7=O)s6)s5)sc4c23)s1;-5,32;-2,81;562;CF;Y6;-5,7;-4,08;833;0,829;25;58,8;12,2;01:01,1;[Pilar];✅ OK
ZR-SiO;CCCCCCCCc1cc(-c2cc3sc4c(-c5ccc(CCCCCC(C)(O[Si](C)(C)C)O[Si](C)(C)C)s5)c5c(sc6cc(-c7cc(CCCCCCCC)c(-c8ccc(/C=C9\SC(=S)N(CCCCCC)C9=O)s8)s7)sc65)c(-c5ccc(CCCCCC(C)(O[Si](C)(C)C)O[Si](C)(C)C)s5)c4c3s2)sc1-c1ccc(/C=C2\SC(=S)N(CCCCCC)C2=O)s1;-5,32;-2,81;562;CF;Y6;-5,7;-4,08;833;0,852;26;72,3;16;01:01,1;[Pilar];✅ OK
ZR-SiO-EH;CCCCCCCCc1cc(-c2cc3sc4c(-c5cc(CC(CC)CCCC)c(CCCCCC(C)(O[Si](C)(C)C)O[Si](C)(C)C)s5)c5c(sc6cc(-c7cc(CCCCCCCC)c(-c8ccc(/C=C9\SC(=S)N(CCCCCC)C9=O)s8)s7)sc65)c(-c5cc(CC(CC)CCCC)c(CCCCCC(C)(O[Si](C)(C)C)O[Si](C)(C)C)s5)c4c3s2)sc1-c1ccc(/C=C2\SC(=S)N(CCCCCC)C2=O)s1;-5,32;-2,81;562;CF;Y6;-5,7;-4,08;833;0,87;25,6;73,7;16,4;01:01,1;[Pilar];✅ OK
SL1;CCCCCCc1cc(-c2c3cc(-c4ccc(-c5nc6sc(-c7cc(CC(CC)CCCC)c(/C=C8\SC(=S)N(CCCC)C8=O)s7)nc6s5)s4)sc3c(-c3cc(CCCCCC)c(CC(CC)CCCC)s3)c3cc(-c4ccc(-c5nc6sc(-c7cc(CC(CC)CCCC)c(/C=C8\SC(=S)N(CCCC)C8=O)s7)nc6s5)s4)sc23)sc1CC(CC)CCCC;-5,58;-3,59;562;CF;Y6;-5,7;-4,08;833;0,87;23,2;68;13,9;01:01;[Pilar-154];✅ OK
SL2;CCCCC(CC)Cc1ccc(-c2c3cc(-c4ccc(-c5nc6sc(-c7cc(CC(CC)CCCC)c(/C=C8\SC(=S)N(CCCC)C8=O)s7)nc6s5)s4)sc3c(-c3ccc(CC(CC)CCCC)s3)c3cc(-c4ccc(-c5nc6sc(-c7cc(CC(CC)CCCC)c(/C=C8\SC(=S)N(CCCC)C8=O)s7)nc6s5)s4)sc23)s1;-5,6;-3,62;562;CF;Y6;-5,7;-4,08;833;0,98;21,5;60;11,5;01:01;[Pilar-154];✅ OK
SL3;CCCCCCCCc1cc(-c2c3cc(-c4ccc(-c5nc6sc(-c7cc(CC(CC)CCCC)c(/C=C8\SC(=S)N(CCCC)C8=O)s7)nc6s5)s4)sc3c(-c3cc(CCCCCCCC)c(CC(CC)CCCC)s3)c3cc(-c4ccc(-c5nc6sc(-c7cc(CC(CC)CCCC)c(/C=C8\SC(=S)N(CCCC)C8=O)s7)nc6s5)s4)sc23)sc1CC(CC)CCCC;-5,58;-3,6;562;CF;Y6;-5,7;-4,08;833;0,88;21,6;67;12,7;01:01;[Pilar-154];✅ OK
SL4;CCCCCCc1cc(-c2c3cc(-c4ccc(-c5nc6sc(-c7cc(CC(CC)CCCC)c(/C=C8\SC(=S)N(CCCC)C8=O)s7)nc6s5)s4)sc3c(-c3cc(CCCCCC)c(CCCCCC)s3)c3cc(-c4ccc(-c5nc6sc(-c7cc(CC(CC)CCCC)c(/C=C8\SC(=S)N(CCCC)C8=O)s7)nc6s5)s4)sc23)sc1CCCCCC;-5,57;-3,57;562;CF;Y6;-5,7;-4,08;833;0,87;23;62;12,4;01:01;[Pilar-154];✅ OK
SM-CA;CCCCCCc1cc(-c2cc3c(-c4sc(CC(CC)CCCC)c(F)c4F)c4sc(-c5cc(CCCCCC)c(-c6cc(CCCCCC)c(-c7ccc(/C=C(\C#N)C(=O)OCC(CC)CCCC)s7)s6)s5)cc4c(-c4sc(CC(CC)CCCC)c(F)c4F)c3s2)sc1-c1cc(CCCCCC)c(-c2ccc(/C=C(\C#N)C(=O)OCC(CC)CCCC)s2)s1;-5,4;-3,4;651;CF;N3;-5,64;-4,08;751;0,838;24,33;75,62;15,41;01:01;[155];✅ OK
SM-CA-Reh;CCCCCCc1cc(-c2cc3c(-c4sc(CC(CC)CCCC)c(F)c4F)c4sc(-c5cc(CCCCCC)c(-c6cc(CCCCCC)c(-c7ccc(/C=C(\C#N)C(=O)OCC(CC)CCCC)s7)s6)s5)cc4c(-c4sc(CC(CC)CCCC)c(F)c4F)c3s2)sc1-c1cc(CCCCCC)c(-c2ccc(/C=C3\SC(=S)N(CC(CC)CCCC)C3=O)s2)s1;-5,52;-3,53;668;CF;N3;-5,64;-4,08;751;0,842;25,06;77,5;16,34;01:01;[155];✅ OK
SM-Reh;CCCCC(CC)Cc1sc(-c2c3cc(-c4ccc(-c5ccc(-c6ccc(/C=C7\SC(=S)N(CC(CC)CCCC)C7=O)s6)s5)s4)sc3c(-c3sc(CC(CC)CCCC)c(F)c3F)c3cc(-c4ccc(-c5ccc(-c6ccc(/C=C7\SC(=S)N(CC(CC)CCCC)C7=O)s6)s5)s4)sc23)c(F)c1F;-5,55;-3,6;672;CF;N3;-5,64;-4,08;751;0,834;25,42;69,64;14,76;01:01;[155];✅ OK
SM-CA-ID;CCCCCCc1cc(-c2cc3c(-c4sc(CC(CC)CCCC)c(F)c4F)c4sc(-c5cc(CCCCCC)c(-c6cc(CCCCCC)c(-c7ccc(/C=C(\C#N)C(=O)OCC(CC)CCCC)s7)s6)s5)cc4c(-c4sc(CC(CC)CCCC)c(F)c4F)c3s2)sc1-c1cc(CCCCCC)c(-c2ccc(C=C3C(=O)c4ccccc4C3=O)s2)s1;-5,33;-3,6;707;CF;N3;-5,64;-4,08;751;0,82;21,99;45,49;8,2;01:01;[155];✅ OK
SM-ID;CCCCCCc1cc(-c2cc3c(-c4sc(CC(CC)CCCC)c(F)c4F)c4sc(-c5cc(CCCCCC)c(-c6cc(CCCCCC)c(-c7ccc(C=C8C(=O)c9ccccc9C8=O)s7)s6)s5)cc4c(-c4sc(CC(CC)CCCC)c(F)c4F)c3s2)sc1-c1cc(CCCCCC)c(-c2ccc(C=C3C(=O)c4ccccc4C3=O)s2)s1;-5,25;-3,61;712;CF;N3;-5,64;-4,08;751;0,823;10,54;31,79;2,79;01:01;[155];✅ OK
MPhS-C2;CCCCCCCCC(CCCCCC)CSc1cccc(-c2c3sc4cc(-c5ccc(-c6ccc(/C=C7/SC(=S)N(CC)C7=O)s6)s5)sc4c3c(-c3cccc(SCC(CCCCCC)CCCCCCCC)c3)c3sc4cc(-c5ccc(-c6ccc(/C=C7/SC(=S)N(CC)C7=O)s6)s5)sc4c23)c1;-5,35;-3,45;605;CF;BTP-eC9;-5,64;-4,05;828;0,886;26,2;69,52;16,54;01:01;[156];✅ OK
MPhS-C4;CCCCCCCCC(CCCCCC)CSc1cccc(-c2c3sc4cc(-c5ccc(-c6ccc(/C=C7/SC(=S)N(CCCC)C7=O)s6)s5)sc4c3c(-c3cccc(SCC(CCCCCC)CCCCCCCC)c3)c3sc4cc(-c5ccc(-c6ccc(/C=C7/SC(=S)N(CCCC)C7=O)s6)s5)sc4c23)c1;-5,39;-3,45;607;CF;BTP-eC10;-5,64;-4,05;828;0,873;25,61;70,28;15,73;01:01;[156];✅ OK
MPhS-C6;CCCCCCCCc1cc(-c2cc3sc4c(-c5cccc(SCC(CCCCCC)CCCCCCCC)c5)c5c(sc6cc(-c7cc(CCCCCCCC)c(-c8ccc(/C=C9\SC(=S)N(CCCCCC)C9=O)s8)s7)sc65)c(-c5cccc(SCC(CCCCCC)CCCCCCCC)c5)c4c3s2)sc1-c1ccc(/C=C2\SC(=S)N(CCCCCC)C2=O)s1;-5,35;-4,1;610;CF;BTP-eC11;-5,64;-4,05;828;0,84;25,49;75,6;16,2;01:01;[156];✅ OK
B1;CCCCCCc1cc(-c2cc3c(-c4ccc(SCC(CC)CCCC)cc4)c4sc(-c5cc(CCCCCC)c(-c6cc(CCCCCC)c(-c7ccc(/C=C8/SC(=S)N(CCCC)C8=O)s7)s6)s5)cc4c(-c4ccc(SCC(CC)CCCC)cc4)c3s2)sc1-c1cc(CCCCCC)c(-c2ccc(/C=C3/SC(=S)N(CCCC)C3=O)s2)s1;-5,24;-2,64;580;CF;BO-4Cl;-5,69;-3,87;822;0,822;25,14;72,5;14,98;01:01;[Pilar];✅ OK
BM-Cl;CCCCCCc1cc(-c2sc(-c3cc4c(-c5cccc(SCC(CC)CCCC)c5)c5sc(-c6cc(CCCCCC)c(-c7sc(-c8ccc(/C=C9/SC(=S)N(CCCC)C9=O)s8)c(CCCCCC)c7Cl)s6)cc5c(-c5cccc(SCC(CC)CCCC)c5)c4s3)c(Cl)c2CCCCCC)sc1-c1ccc(/C=C2/SC(=S)N(CCCC)C2=O)s1;-5,31;-2,73;587;CF;BO-4Cl;-5,69;-3,87;822;0,826;25,9;73,55;15,73;01:01;[Pilar];✅ OK
C-2F;CCCCCCc1cc(-c2cc3c(-c4cc(F)c(CC(CC)CCCC)c(F)c4)c4sc(-c5cc(CCCCCC)c(-c6cc(CCCCCC)c(-c7ccc(/C=C8\SC(=S)N(CCCCCC)C8=O)s7)s6)s5)cc4c(-c4cc(F)c(CC(CC)CCCC)c(F)c4)c3s2)sc1-c1cc(CCCCCC)c(-c2ccc(/C=C3\SC(=S)N(CCCCCC)C3=O)s2)s1;-5,4;-3,4;504;CF;N3;-5,64;-4,08;751;0,85;24,87;69,33;14,64;1.6:1;[Pilar];✅ OK
3DTBDT;CCCCCCCCC(CCCCCC)Cc1ccc(-c2c3sc4cc(-c5cc6sc7c(-c8ccc(CC(CCCCCC)CCCCCCCC)s8)c8c(sc9cc(-c%10cc%11sc%12c(-c%13ccc(CC(CCCCCC)CCCCCCCC)s%13)c%13c(sc%14cc(/C=C%15/SC(=S)N(CCCCCC)C%15=O)sc%14%13)c(-c%13ccc(CC(CCCCCC)CCCCCCCC)s%13)c%12c%11s%10)sc98)c(-c8ccc(CC(CCCCCC)CCCCCCCC)s8)c7c6s5)sc4c3c(-c3ccc(CC(CCCCCC)CCCCCCCC)s3)c3sc4cc(/C=C5/SC(=S)N(CCCCCC)C5=O)sc4c23)s1;-5,3;-2,78;587;CF;L8-BO;-5,73;-3,88;831;0,847;22,84;70,98;13,74;01:01;[Pilar];✅ OK
BDT-BCl;CCCCCCc1cc(-c2cc3c(-c4ccc(SCC(CC)CCCC)c(Cl)c4)c4sc(-c5cc(CCCCCC)c(-c6cc(CCCCCC)c(-c7ccc(/C=C8\SC(=S)N(CCCCCC)C8=O)s7)s6)s5)cc4c(-c4ccc(SCC(CC)CCCC)c(Cl)c4)c3s2)sc1-c1cc(CCCCCC)c(-c2ccc(/C=C3\SC(=S)N(CCCCCC)C3=O)s2)s1;-5,3;-2,78;618;CF;L8-BO;-5,73;-3,88;831;0,88;23,74;67,73;14,1;01:01,6;[Pilar];✅ OK
TBD-BCl;CCCCCCc1cc(-c2cc3c(-c4ccc(SCC(CC)CCCC)c(Cl)c4)c4sc5cc(-c6cc(CCCCCC)c(-c7cc(CCCCCC)c(-c8ccc(/C=C9\SC(=S)N(CCCCCC)C9=O)s8)s7)s6)sc5c4c(-c4ccc(SCC(CC)CCCC)c(Cl)c4)c3s2)sc1-c1cc(CCCCCC)c(-c2ccc(/C=C3\SC(=S)N(CCCCCC)C3=O)s2)s1;-5,3;-2,78;617;CF;L8-BO;-5,73;-3,88;831;0,91;24,95;71,13;16,2;01:01,6;[Pilar];✅ OK
BSFTR;CCCCCCc1cc(-c2cc3c(-c4cc(F)c(SC(CC)CCCC)s4)c4sc(-c5cc(CCCCCC)c(-c6cc(CCCCCC)c(-c7ccc(/C=C8/SC(=S)N(C(CC)CCCC)C8=O)s7)s6)s5)cc4c(-c4cc(F)c(SC(CC)CCCC)s4)c3s2)sc1-c1cc(CCCCCC)c(-c2ccc(/C=C3/SC(=S)N(C(CC)CCCC)C3=O)s2)s1;-5,59;-3,61;620;CF;FO-2Cl;-5,83;-3,9;765;0,885;22,01;78,41;15,27;01:01;[15-08-2025];✅ OK
BSFTR;CCCCCCc1cc(-c2cc3c(-c4cc(F)c(SC(CC)CCCC)s4)c4sc(-c5cc(CCCCCC)c(-c6cc(CCCCCC)c(-c7ccc(/C=C8/SC(=S)N(C(CC)CCCC)C8=O)s7)s6)s5)cc4c(-c4cc(F)c(SC(CC)CCCC)s4)c3s2)sc1-c1cc(CCCCCC)c(-c2ccc(/C=C3/SC(=S)N(C(CC)CCCC)C3=O)s2)s1;-5,59;-3,61;620;CF;FO-EH-2Cl;-5,73;-3,9;761;0,876;22,39;80,44;15,78;01:01;[15-08-2025];✅ OK
SM-n-Bu;CCCCCCc1cc(-c2cc3c(-c4ccc(C(CC)CCCC)cc4)c4sc(-c5cc(CCCCCC)c(-c6cc(CCCCCC)c(-c7ccc(/C=C8/SC(=S)N(CCCC)C8=O)s7)s6)s5)cc4c(-c4ccc(C(CC)CCCC)cc4)c3s2)sc1-c1cc(CCCCCC)c(-c2ccc(/C=C3/SC(=S)N(CCCC)C3=O)s2)s1;-5,19;-3,61;573;CF;BO-4Cl;-5,66;-4,09;822;0,83;25,26;72,12;15,12;01:01;[1508];✅ OK
SM-s-Bu;CCCCCCc1cc(-c2cc3c(-c4ccc(C(CC)CCCC)cc4)c4sc(-c5cc(CCCCCC)c(-c6cc(CCCCCC)c(-c7ccc(/C=C8/SC(=S)N(C(C)CC)C8=O)s7)s6)s5)cc4c(-c4ccc(C(CC)CCCC)cc4)c3s2)sc1-c1cc(CCCCCC)c(-c2ccc(/C=C3/SC(=S)N(C(C)CC)C3=O)s2)s1;-5,24;-3,53;566;CF;BO-4Cl;-5,66;-4,09;822;0,822;25,69;74,34;16,06;01:01;[1508];✅ OK
FSBTSeHR;CCCCCCCCc1cc(/C=C2/SC(=S)N(CCCCCC)C2=O)sc1-c1ccc(-c2sc(-c3cc4c(-c5cc(F)c(SCC(CC)CCCC)s5)c5sc(-c6cc(CCCCCCCC)c(-c7ccc(-c8sc(/C=C9/SC(=S)N(CCCCCC)C9=O)cc8CCCCCCCC)[se]7)s6)cc5c(-c5cc(F)c(SCC(CC)CCCC)s5)c4s3)cc2CCCCCCCC)[se]1;-5,4;-3,62;641;CF;BTP-eC9;-5,64;-4,07;828;0,84;22,26;67,5;12,35;01:01,2;[15081];✅ OK
BTR-Cl;CCCCCCc1cc(-c2cc3c(-c4cc(Cl)c(CC(CC)CCCC)s4)c4sc(-c5cc(CCCCCC)c(-c6cc(CCCCCC)c(-c7ccc(/C=C8\SC(=S)N(CCCCCC)C8=O)s7)s6)s5)cc4c(-c4cc(Cl)c(CC(CC)CCCC)s4)c3s2)sc1-c1cc(CCCCCC)c(-c2ccc(/C=C3\SC(=S)N(CCCCCC)C3=O)s2)s1;-5,46;-3,7;580;CB;BTP-Fl-Fl;-5,7;-3,92;830;0,85;21,75;69,63;13,3;01:01,2;[18081];✅ OK
W2-Reh;CCCCCCc1cc(-c2cc3c(-c4cnc(SCC(CC)CCCC)s4)c4sc(-c5cc(CCCCCC)c(-c6cc(CCCCCC)c(-c7ccc(/C=C8\SC(=S)N(CC(CC)CCCC)C8=O)s7)s6)s5)cc4c(-c4ccc(SCC(CC)CCCC)s4)c3s2)sc1-c1cc(CCCCCC)c(-c2ccc(/C=C3\SC(=S)N(CC(CC)CCCC)C3=O)s2)s1;-5,16;-3,48;495;CF;Y6;-5,7;-4,08;833;0,83;25,19;76,8;16,06;01:00,8;[180802];✅ OK
W2-CA;CCCCCCc1cc(-c2cc3c(-c4cnc(SCC(CC)CCCC)s4)c4sc(-c5cc(CCCCCC)c(-c6cc(CCCCCC)c(-c7ccc(/C=C(\C#N)C(=O)OCC(CC)CCCC)s7)s6)s5)cc4c(-c4ccc(SCC(CC)CCCC)s4)c3s2)sc1-c1cc(CCCCCC)c(-c2ccc(/C=C(\C#N)C(=O)OCC(CC)CCCC)s2)s1;-5,17;-3,53;500;CF;Y6;-5,7;-4,08;833;0,82;25,31;74,8;15,63;01:00,8;[180802];✅ OK
SM8;CCCCCCCCSc1ccc(-c2c3cc(-c4cc(CCCCCCCC)c(-c5ccc(-c6sc(/C=C(\C#N)C(=O)OCC(CC)CCCC)cc6CCCCCCCC)s5)s4)sc3c(-c3ccc(SCCCCCCCC)s3)c3cc(-c4cc(CCCCCCCC)c(-c5ccc(-c6sc(/C=C(\C#N)C(=O)OCC(CC)CCCC)cc6CCCCCCCC)s5)s4)sc23)s1;-5,21;-3,55;580;CF;BO-4Cl;-5,66;-4,09;822;0,85;21,23;72,5;13,11;01:01;[20081];✅ OK
BT-Ro-Cl;CCCCCCCCOC(=O)/C(C#N)=C/c1ccc(-c2ccc(-c3ccc(-c4cc5c(-c6cc(C)c(CC(CC)CCCC)s6)c6sc(-c7ccc(-c8ccc(-c9ccc(/C=C(\C#N)C(=O)OCCCCCCCC)s9)s8)s7)cc6c(-c6cc(C)c(CC(CC)CCCC)s6)c5s4)s3)s2)s1;-5,41;-3,57;560;CF;Y6;-5,7;-4,08;833;0,86;22,5;68,6;13,35;01:01;[20081];✅ OK
BT-Reh-Cl;CCCCC(CC)COC(=O)/C(C#N)=C/c1ccc(-c2ccc(-c3ccc(-c4cc5c(-c6cc(C)c(CC(CC)CCCC)s6)c6sc(-c7ccc(-c8ccc(-c9ccc(/C=C(\C#N)C(=O)OCC(CC)CCCC)s9)s8)s7)cc6c(-c6cc(C)c(CC(CC)CCCC)s6)c5s4)s3)s2)s1;-5,41;-3,58;564;CF;Y6;-5,7;-4,08;833;0,86;22,93;69,8;13,9;01:01;[20081];✅ OK
BTR-Te;CCCCCCN1C(=O)/C(=C/c2ccc(-c3sc(-c4sc(-c5cc6c(-c7ccc(CC(CC)CCCC)s7)c7sc(-c8cc(C)c(-c9cc(C)c(-c%10ccc(/C=C%11\SC(=S)N(CCCCCC)C%11=O)s%10)s9)s8)cc7c(-c7ccc(CC(CC)CCCC)s7)c6s5)cc4C)cc3C)s2)SC1=S;-5,39;-3,33;578;CF;Y6;-5,66;-4,09;822;0,84;23,4;67;13;1: à,06;[PILAR];✅ OK
SD86;CCCCCCCCc1cc(-c2cc3sc4c(-c5cccc(SCC(CCCCCC)CCCCCCCC)c5)c5c(sc6cc(-c7cc(CCCCCCCC)c(-c8sc(/C=C9/SC(=S)N(CCCCCC)C9=O)cc8Cl)s7)sc65)c(-c5cccc(SCC(CCCCCC)CCCCCCCC)c5)c4c3s2)sc1-c1sc(/C=C2/SC(=S)N(CCCCCC)C2=O)cc1Cl;-5,4;-3,68;575;CF;BTP-eC9;-5,62;-3,98;828;0,84;24,7;75,24;15,61;1,7:1;[SD86];✅ OK
SM-EH-R;CCCCCCc1cc(-c2cc3c(-c4sc(SCC(CC)CCCC)c(F)c4F)c4sc(-c5cc(CCCCCC)c(-c6cc(C(CC)CCCC)c(-c7ccc(/C=C8/SC(=S)N(CCCCCC)C8=O)s7)s6)s5)cc4c(-c4sc(SCC(CC)CCCC)c(F)c4F)c3s2)sc1-c1cc(C(CC)CCCC)c(-c2ccc(/C=C3/SC(=S)N(CCCCCC)C3=O)s2)s1;-5,41;-3,57;552;CF;N3;-5,64;-4,08;751;0,85;21,96;63,4;11,9;01:01;[pilar];✅ OK
BBTSM1;CCCCCCCCc1cc(/C=C(/C#N)C(=O)OCC(CC)CCCC)sc1-c1ccc(-c2sc(-c3nc4c(-c5ccc(CC(CC)CCCC)s5)c5sc(-c6cc(CCCCCCCC)c(-c7ccc(-c8sc(/C=C(/C#N)C(=O)OCC(CC)CCCC)cc8CCCCCCCC)s7)s6)nc5c(-c5ccc(CC(CC)CCCC)s5)c4s3)cc2CCCCCCCC)s1;-5,58;-3,51;563;CF;Y6;-5,7;-4,08;833;0,87;21,6;63;11,8;1,8:1;[pilar];✅ OK
GSMD-syn;CCCCCCc1cc(/C=C2\SC(=O)N(CCCCCC)C2=O)sc1-c1ccc(-c2sc(-c3cc4c(-c5cc(Cl)c(CC(CC)CCCC)s5)c5sc(-c6cc7c(-c8cc(Cl)c(CC(CC)CCCC)s8)c8sc(-c9cc%10c(-c%11cc(Cl)c(CC(CC)CCCC)s%11)c%11sc(-c%12cc(CCCCCC)c(-c%13ccc(-c%14sc(/C=C%15\SC(=O)N(CCCCCC)C%15=O)cc%14CCCCCC)s%13)s%12)cc%11c(-c%11cc(Cl)c(CC(CC)CCCC)s%11)c%10s9)cc8c(-c8cc(Cl)c(CC(CC)CCCC)s8)c7s6)cc5c(-c5cc(Cl)c(CC(CC)CCCC)s5)c4s3)cc2CCCCCC)s1;-5,47;-3,63;558;CF;Y6;-5,7;-4,08;833;0,88;24,35;56;11,95;02:01;[GSMD];✅ OK
GSMD-anti;CCCCCCc1cc(-c2cc3c(-c4cc(Cl)c(CC(CC)CCCC)s4)c4sc(-c5cc6c(-c7cc(Cl)c(CC(CC)CCCC)s7)c7sc(-c8cc9c(-c%10cc(Cl)c(CC(CC)CCCC)s%10)c%10sc(-c%11cc(CCCCCC)c(-c%12cc(CCCCCC)c(-c%13ccc(/C=C%14\SC(=O)N(CCCCCC)C%14=O)s%13)s%12)s%11)cc%10c(-c%10cc(Cl)c(CC(CC)CCCC)s%10)c9s8)cc7c(-c7cc(Cl)c(CC(CC)CCCC)s7)c6s5)cc4c(-c4cc(Cl)c(CC(CC)CCCC)s4)c3s2)sc1-c1cc(CCCCCC)c(-c2ccc(/C=C3\SC(=O)N(CCCCCC)C3=O)s2)s1;-5,45;-3,61;562;CF;Y6;-5,7;-4,08;833;0,87;24,54;72;15,4;1,5:1;[GSMD];✅ OK
MPHS-P-1F;CCCCCCCCc1cc(-c2cc3sc4c(-c5cccc(SCC(CCCCCC)CCCCCCCC)c5)c5c(sc6cc(-c7cc(CCCCCCCC)c(-c8ccc(/C=C9\SC(=S)N(Cc%10ccc(F)cc%10)C9=O)s8)s7)sc65)c(-c5cccc(SCC(CCCCCC)CCCCCCCC)c5)c4c3s2)sc1-c1ccc(/C=C2\SC(=S)N(Cc3ccc(F)cc3)C2=O)s1;-5,36;-3,47;550;CF;BTP-eC9;-5,64;-4,07;828;0,871;20,25;67,24;11,85;1,6:1;[mphs];✅ OK
MPHS-P-1F;CCCCCCCCc1cc(-c2cc3sc4c(-c5cccc(SCC(CCCCCC)CCCCCCCC)c5)c5c(sc6cc(-c7cc(CCCCCCCC)c(-c8ccc(/C=C9\SC(=S)N(Cc%10ccc(F)cc%10)C9=O)s8)s7)sc65)c(-c5cccc(SCC(CCCCCC)CCCCCCCC)c5)c4c3s2)sc1-c1ccc(/C=C2\SC(=S)N(Cc3ccc(F)cc3)C2=O)s1;-5,36;-3,47;550;CF;BTP-eC9;-5,64;-4,07;828;0,874;21,42;67,25;11,56;02:01;[mphs];✅ OK
MPHS-P-1F;CCCCCCCCc1cc(-c2cc3sc4c(-c5cccc(SCC(CCCCCC)CCCCCCCC)c5)c5c(sc6cc(-c7cc(CCCCCCCC)c(-c8ccc(/C=C9\SC(=S)N(Cc%10ccc(F)cc%10)C9=O)s8)s7)sc65)c(-c5cccc(SCC(CCCCCC)CCCCCCCC)c5)c4c3s2)sc1-c1ccc(/C=C2\SC(=S)N(Cc3ccc(F)cc3)C2=O)s1;-5,36;-3,47;550;CF;BTP-eC9;-5,64;-4,07;828;0,874;21,42;69,98;13,11;1,8:1;[mphs];✅ OK
MPHS-m-2F;CCCCCCCCc1cc(-c2cc3sc4c(-c5cccc(SCC(CCCCCC)CCCCCCCC)c5)c5c(sc6cc(-c7cc(CCCCCCCC)c(-c8ccc(/C=C9\SC(=S)N(Cc%10cc(F)cc(F)c%10)C9=O)s8)s7)sc65)c(-c5cccc(SCC(CCCCCC)CCCCCCCC)c5)c4c3s2)sc1-c1ccc(/C=C2\SC(=S)N(Cc3cc(F)cc(F)c3)C2=O)s1;-5,38;-3,44;551;CF;BTP-eC9;-5,64;-4,07;828;0,885;20,19;64,99;11,62;1,6:1;[mphs];✅ OK
MPHS-m-2F;CCCCCCCCc1cc(-c2cc3sc4c(-c5cccc(SCC(CCCCCC)CCCCCCCC)c5)c5c(sc6cc(-c7cc(CCCCCCCC)c(-c8ccc(/C=C9\SC(=S)N(Cc%10cc(F)cc(F)c%10)C9=O)s8)s7)sc65)c(-c5cccc(SCC(CCCCCC)CCCCCCCC)c5)c4c3s2)sc1-c1ccc(/C=C2\SC(=S)N(Cc3cc(F)cc(F)c3)C2=O)s1;-5,38;-3,44;551;CF;BTP-eC9;-5,64;-4,07;828;0,869;18,22;63,5;10,05;02:01;[mphs];✅ OK
MPHS-m-2F;CCCCCCCCc1cc(-c2cc3sc4c(-c5cccc(SCC(CCCCCC)CCCCCCCC)c5)c5c(sc6cc(-c7cc(CCCCCCCC)c(-c8ccc(/C=C9\SC(=S)N(Cc%10cc(F)cc(F)c%10)C9=O)s8)s7)sc65)c(-c5cccc(SCC(CCCCCC)CCCCCCCC)c5)c4c3s2)sc1-c1ccc(/C=C2\SC(=S)N(Cc3cc(F)cc(F)c3)C2=O)s1;-5,38;-3,44;551;CF;BTP-eC9;-5,64;-4,07;828;0,872;20,85;67,85;12,33;1,8:1;[mphs];✅ OK
MPHS-m-1F;CCCCCCCCc1cc(-c2cc3sc4c(-c5cccc(SCC(CCCCCC)CCCCCCCC)c5)c5c(sc6cc(-c7cc(CCCCCCCC)c(-c8ccc(/C=C9\SC(=S)N(Cc%10cccc(F)c%10)C9=O)s8)s7)sc65)c(-c5cccc(SCC(CCCCCC)CCCCCCCC)c5)c4c3s2)sc1-c1ccc(/C=C2\SC(=S)N(Cc3cccc(F)c3)C2=O)s1;-5,36;-3,54;552;CF;BTP-eC9;-5,64;-4,07;828;0,848;23,46;73,81;14,78;1,6:1;[mphs];✅ OK
MPHS-m-1F;CCCCCCCCc1cc(-c2cc3sc4c(-c5cccc(SCC(CCCCCC)CCCCCCCC)c5)c5c(sc6cc(-c7cc(CCCCCCCC)c(-c8ccc(/C=C9\SC(=S)N(Cc%10cccc(F)c%10)C9=O)s8)s7)sc65)c(-c5cccc(SCC(CCCCCC)CCCCCCCC)c5)c4c3s2)sc1-c1ccc(/C=C2\SC(=S)N(Cc3cccc(F)c3)C2=O)s1;-5,36;-3,54;552;CF;BTP-eC9;-5,64;-4,07;828;0,846;19,88;72,69;12,23;02:01;[mphs];✅ OK
MPHS-m-1F;CCCCCCCCc1cc(-c2cc3sc4c(-c5cccc(SCC(CCCCCC)CCCCCCCC)c5)c5c(sc6cc(-c7cc(CCCCCCCC)c(-c8ccc(/C=C9\SC(=S)N(Cc%10cccc(F)c%10)C9=O)s8)s7)sc65)c(-c5cccc(SCC(CCCCCC)CCCCCCCC)c5)c4c3s2)sc1-c1ccc(/C=C2\SC(=S)N(Cc3cccc(F)c3)C2=O)s1;-5,36;-3,54;552;CF;BTP-eC9;-5,64;-4,07;828;0,857;24,82;75,72;16,1;1,8:1;[mphs];✅ OK
MPHS-C6;CCCCCCCCc1cc(-c2cc3sc4c(-c5cccc(SCC(CCCCCC)CCCCCCCC)c5)c5c(sc6cc(-c7cc(CCCCCCCC)c(-c8ccc(/C=C9\SC(=S)N(CCCCCC)C9=O)s8)s7)sc65)c(-c5cccc(SCC(CCCCCC)CCCCCCCC)c5)c4c3s2)sc1-c1ccc(/C=C2\SC(=S)N(CCCCCC)C2=O)s1;-5,35;-4,1;610;CF;Y6;-5,7;-4,08;833;0,83;24,34;75,74;15,31;1,9:1;[mphs-c6-Y6];✅ OK
FBD-S3;CCCCCCc1cc(-c2cc3c(-c4cc(F)c(SCC(CCCC)CCCCCC)s4)c4sc5cc(-c6cc(CCCCCC)c(-c7cc(CCCCCC)c(-c8ccc(/C=C9\SC(=S)N(CCCCCC)C9=O)s8)s7)s6)sc5c4c(-c4cc(F)c(SCC(CCCC)CCCCCC)s4)c3o2)sc1-c1cc(CCCCCC)c(-c2ccc(/C=C3\SC(=S)N(CCCCCC)C3=O)s2)s1;-5,29;-3,13;624;CF;Y6;-5,7;-4,08;833;0,847;18,69;48,23;7,63;01:01;[21];✅ OK
FBD-S3;CCCCCCc1cc(-c2cc3c(-c4cc(F)c(SCC(CCCC)CCCCCC)s4)c4sc5cc(-c6cc(CCCCCC)c(-c7cc(CCCCCC)c(-c8ccc(/C=C9\SC(=S)N(CCCCCC)C9=O)s8)s7)s6)sc5c4c(-c4cc(F)c(SCC(CCCC)CCCCCC)s4)c3o2)sc1-c1cc(CCCCCC)c(-c2ccc(/C=C3\SC(=S)N(CCCCCC)C3=O)s2)s1;-5,29;-3,13;624;CF;Y6;-5,7;-4,08;833;0,845;20,89;61,95;10,94;1,4:1;[21];✅ OK
FBD-S3;CCCCCCc1cc(-c2cc3c(-c4cc(F)c(SCC(CCCC)CCCCCC)s4)c4sc5cc(-c6cc(CCCCCC)c(-c7cc(CCCCCC)c(-c8ccc(/C=C9\SC(=S)N(CCCCCC)C9=O)s8)s7)s6)sc5c4c(-c4cc(F)c(SCC(CCCC)CCCCCC)s4)c3o2)sc1-c1cc(CCCCCC)c(-c2ccc(/C=C3\SC(=S)N(CCCCCC)C3=O)s2)s1;-5,29;-3,13;624;CF;Y6;-5,7;-4,08;833;0,849;20,7;65,13;11,45;02:01;[21];✅ OK
FBD-S3;CCCCCCc1cc(-c2cc3c(-c4cc(F)c(SCC(CCCC)CCCCCC)s4)c4sc5cc(-c6cc(CCCCCC)c(-c7cc(CCCCCC)c(-c8ccc(/C=C9\SC(=S)N(CCCCCC)C9=O)s8)s7)s6)sc5c4c(-c4cc(F)c(SCC(CCCC)CCCCCC)s4)c3o2)sc1-c1cc(CCCCCC)c(-c2ccc(/C=C3\SC(=S)N(CCCCCC)C3=O)s2)s1;-5,29;-3,13;624;CF;Y6;-5,7;-4,08;833;0,849;21,77;67,74;12,53;1,8:01:00;[21];✅ OK
TBD-S4;CCCCCCc1cc(-c2cc3c(-c4cc(F)c(SCC(CCCC)CCCCCC)s4)c4sc5cc(-c6cc(CCCCCC)c(-c7cc(CCCCCC)c(-c8ccc(/C=C9\SC(=S)N(CCCCCC)C9=O)s8)s7)s6)sc5c4c(-c4cc(F)c(SCC(CCCC)CCCCCC)s4)c3s2)sc1-c1cc(CCCCCC)c(-c2ccc(/C=C3\SC(=S)N(CCCCCC)C3=O)s2)s1;-5,31;-3,14;618;CF;Y6;-5,7;-4,08;833;0,851;22,82;52,27;10,15;01:01;[21];✅ OK
TBD-S4;CCCCCCc1cc(-c2cc3c(-c4cc(F)c(SCC(CCCC)CCCCCC)s4)c4sc5cc(-c6cc(CCCCCC)c(-c7cc(CCCCCC)c(-c8ccc(/C=C9\SC(=S)N(CCCCCC)C9=O)s8)s7)s6)sc5c4c(-c4cc(F)c(SCC(CCCC)CCCCCC)s4)c3s2)sc1-c1cc(CCCCCC)c(-c2ccc(/C=C3\SC(=S)N(CCCCCC)C3=O)s2)s1;-5,31;-3,14;618;CF;Y6;-5,7;-4,08;833;0,851;23,86;63,42;12,87;1,4:1;[21];✅ OK
TBD-S4;CCCCCCc1cc(-c2cc3c(-c4cc(F)c(SCC(CCCC)CCCCCC)s4)c4sc5cc(-c6cc(CCCCCC)c(-c7cc(CCCCCC)c(-c8ccc(/C=C9\SC(=S)N(CCCCCC)C9=O)s8)s7)s6)sc5c4c(-c4cc(F)c(SCC(CCCC)CCCCCC)s4)c3s2)sc1-c1cc(CCCCCC)c(-c2ccc(/C=C3\SC(=S)N(CCCCCC)C3=O)s2)s1;-5,31;-3,14;618;CF;Y6;-5,7;-4,08;833;0,852;22,77;71,26;13,82;02:01;[21];✅ OK
TBD-S4;CCCCCCc1cc(-c2cc3c(-c4cc(F)c(SCC(CCCC)CCCCCC)s4)c4sc5cc(-c6cc(CCCCCC)c(-c7cc(CCCCCC)c(-c8ccc(/C=C9\SC(=S)N(CCCCCC)C9=O)s8)s7)s6)sc5c4c(-c4cc(F)c(SCC(CCCC)CCCCCC)s4)c3s2)sc1-c1cc(CCCCCC)c(-c2ccc(/C=C3\SC(=S)N(CCCCCC)C3=O)s2)s1;-5,31;-3,14;618;CF;Y6;-5,7;-4,08;833;0,854;24,53;72,1;15,1;1,8:1;[21];✅ OK
DRCN5T;CCCCCCCCc1cc(/C=c2\sc(=C(C#N)C#N)n(CC)c2=O)sc1-c1cc(CCCCCCCC)c(-c2ccc(-c3sc(-c4sc(/C=c5\sc(=C(C#N)C#N)n(CC)c5=O)cc4CCCCCCCC)cc3CCCCCCCC)s2)s1;-5,22;-3,41;693;CF;IDIC8-M;-5,51;-3,76;709;1,002;10,36;60,7;6,31;01:01;[1111];✅ OK
DRCN5T;CCCCCCCCc1cc(/C=c2\sc(=C(C#N)C#N)n(CC)c2=O)sc1-c1cc(CCCCCCCC)c(-c2ccc(-c3sc(-c4sc(/C=c5\sc(=C(C#N)C#N)n(CC)c5=O)cc4CCCCCCCC)cc3CCCCCCCC)s2)s1;-5,22;-3,41;693;CF;IDIC8-H;-5,52;-3,72;701;0,952;13,44;62,5;8;01:00,8;[1111];✅ OK
DRCN5T;CCCCCCCCc1cc(/C=c2\sc(=C(C#N)C#N)n(CC)c2=O)sc1-c1cc(CCCCCCCC)c(-c2ccc(-c3sc(-c4sc(/C=c5\sc(=C(C#N)C#N)n(CC)c5=O)cc4CCCCCCCC)cc3CCCCCCCC)s2)s1;-5,22;-3,41;693;CF;IDIC8-F;-5,51;-3,82;725;0,864;15,21;64,1;8,42;01:01;[1111];✅ OK
DRCN5T;CCCCCCCCc1cc(/C=c2\sc(=C(C#N)C#N)n(CC)c2=O)sc1-c1cc(CCCCCCCC)c(-c2ccc(-c3sc(-c4sc(/C=c5\sc(=C(C#N)C#N)n(CC)c5=O)cc4CCCCCCCC)cc3CCCCCCCC)s2)s1;-5,22;-3,41;693;CF;F-0Cl;-5,5;-3,8;750;1,09;9,64;52,3;5,49;01:00,5;[1111];✅ OK
DRCN5T;CCCCCCCCc1cc(/C=c2\sc(=C(C#N)C#N)n(CC)c2=O)sc1-c1cc(CCCCCCCC)c(-c2ccc(-c3sc(-c4sc(/C=c5\sc(=C(C#N)C#N)n(CC)c5=O)cc4CCCCCCCC)cc3CCCCCCCC)s2)s1;-5,22;-3,41;693;CF;F-1Cl;-5,6;-3,9;780;0,975;13,07;63,7;8,12;01:00,8;[1111];✅ OK
DRCN5T;CCCCCCCCc1cc(/C=c2\sc(=C(C#N)C#N)n(CC)c2=O)sc1-c1cc(CCCCCCCC)c(-c2ccc(-c3sc(-c4sc(/C=c5\sc(=C(C#N)C#N)n(CC)c5=O)cc4CCCCCCCC)cc3CCCCCCCC)s2)s1;-5,22;-3,41;693;CF;F-2Cl;-5,83;-3,9;760;0,906;15,97;68,4;9,89;01:00,8;[1111];✅ OK
DRCN7T;CCCCCCCCc1cc(/C=c2\sc(=C(C#N)C#N)n(CC)c2=O)sc1-c1cc(CCCCCCCC)c(-c2sc(-c3ccc(-c4cc(CCCCCCCC)c(-c5sc(-c6sc(/C=c7\sc(=C(C#N)C#N)n(CC)c7=O)cc6CCCCCCCC)cc5CCCCCCCC)s4)s3)cc2CCCCCCCC)s1;-5,21;-3,54;535;CF;Y6;-5,7;-4,08;833;0,76;8,44;36,48;2,48;01:01;[1111];✅ OK
2F7T;CCCCCCCCc1cc(/C=c2\sc(=C(C#N)C#N)n(CC)c2=O)sc1-c1cc(CCCCCCCC)c(-c2sc(-c3sc(-c4cc(CCCCCCCC)c(-c5sc(-c6sc(/C=c7\sc(=C(C#N)C#N)n(CC)c7=O)cc6CCCCCCCC)cc5CCCCCCCC)s4)c(F)c3F)cc2CCCCCCCC)s1;-5,29;-3,61;520;CF;Y6;-5,7;-4,08;833;0,79;20,89;54,13;9,41;1,2:1;[1111];✅ OK
2Cl7T;CCCCCCCCc1cc(/C=c2\sc(=C(C#N)C#N)n(CC)c2=O)sc1-c1cc(CCCCCCCC)c(-c2sc(-c3sc(-c4cc(CCCCCCCC)c(-c5sc(-c6sc(/C=c7\sc(=C(C#N)C#N)n(CC)c7=O)cc6CCCCCCCC)cc5CCCCCCCC)s4)c(Cl)c3Cl)cc2CCCCCCCC)s1;-5,39;-3,64;519;CF;Y6;-5,7;-4,08;833;0,83;19,69;68,15;11,45;02:01;[1111];✅ OK
DRTB-T;CCCCC(CC)Cc1ccc(-c2c3cc(-c4cc5c(-c6ccc(CC(CC)CCCC)s6)c6sc(-c7cc8c(-c9ccc(CC(CC)CCCC)s9)c9sc(/C=C%10/SC(=O)N(CC)C%10=O)cc9c(-c9ccc(CC(CC)CCCC)s9)c8s7)cc6c(-c6ccc(CC(CC)CCCC)s6)c5s4)sc3c(-c3ccc(CC(CC)CCCC)s3)c3cc(/C=C4/SC(=O)N(CC)C4=O)sc23)s1;-5,51;-3,34;585;CF;F-2Cl;-5,83;-3,9;760;0,969;17,24;64,4;10,76;1 1,25;[1111];✅ OK
DRTB-T;CCCCC(CC)Cc1ccc(-c2c3cc(-c4cc5c(-c6ccc(CC(CC)CCCC)s6)c6sc(-c7cc8c(-c9ccc(CC(CC)CCCC)s9)c9sc(/C=C%10/SC(=O)N(CC)C%10=O)cc9c(-c9ccc(CC(CC)CCCC)s9)c8s7)cc6c(-c6ccc(CC(CC)CCCC)s6)c5s4)sc3c(-c3ccc(CC(CC)CCCC)s3)c3cc(/C=C4/SC(=O)N(CC)C4=O)sc23)s1;-5,48;-3,56;586;CF;IDIC;-5,65;-3,97;710;0,98;14,22;65;9,06;1 1,25;[1111];✅ OK
DRTBT-T-C2;CCCCC(CC)Cc1ccc(-c2c3cc(-c4cc5c(-c6ccc(CC(CC)CCCC)s6)c6sc(-c7cc8c(-c9ccc(CC(CC)CCCC)s9)c9sc(/C=C%10/SC(=O)N(CC)C%10=O)cc9c(-c9ccc(CC(CC)CCCC)s9)c8s7)cc6c(-c6ccc(CC(CC)CCCC)s6)c5s4)sc3c(-c3ccc(CC(CC)CCCC)s3)c3cc(/C=C4/SC(=O)N(CC)C4=O)sc23)s1;-5,51;-3,34;581;CF;IT-4F;-5,66;-4,14;800;0,893;16,66;64;9,52;01:01;[1111];✅ OK
DRTBT-T-C4;CCCCC(CC)Cc1ccc(-c2c3cc(-c4cc5c(-c6ccc(CC(CC)CCCC)s6)c6sc(-c7cc8c(-c9ccc(CC(CC)CCCC)s9)c9sc(/C=C%10/SC(=O)N(C(C)CC)C%10=O)cc9c(-c9ccc(CC(CC)CCCC)s9)c8s7)cc6c(-c6ccc(CC(CC)CCCC)s6)c5s4)sc3c(-c3ccc(CC(CC)CCCC)s3)c3cc(/C=C4/SC(=O)N(C(C)CC)C4=O)sc23)s1;-5,51;-3,34;586;CF;IT-4F;-5,66;-4,14;800;0,909;18,27;68;11,24;01:01;[1111];✅ OK
DRTBT-T-C6;CCCCCN1C(=O)S/C(=C/c2cc3c(-c4ccc(CC(CC)CCCC)s4)c4sc(-c5cc6c(-c7ccc(CC(CC)CCCC)s7)c7sc(-c8cc9c(-c%10ccc(CC(CC)CCCC)s%10)c%10sc(/C=C%11/SC(=O)N(CCCCC)C%11=O)cc%10c(-c%10ccc(CC(CC)CCCC)s%10)c9s8)cc7c(-c7ccc(CC(CC)CCCC)s7)c6s5)cc4c(-c4ccc(CC(CC)CCCC)s4)c3s2)C1=O;-5,51;-3,34;589;CF;IT-4F;-5,66;-4,14;800;0,929;17,92;63;10,52;01:01;[1111];✅ OK
DRTBT-T-C8;CCCCCCCN1C(=O)S/C(=C/c2cc3c(-c4ccc(CC(CC)CCCC)s4)c4sc(-c5cc6c(-c7ccc(CC(CC)CCCC)s7)c7sc(-c8cc9c(-c%10ccc(CC(CC)CCCC)s%10)c%10sc(/C=C%11/SC(=O)N(CCCCCCC)C%11=O)cc%10c(-c%10ccc(CC(CC)CCCC)s%10)c9s8)cc7c(-c7ccc(CC(CC)CCCC)s7)c6s5)cc4c(-c4ccc(CC(CC)CCCC)s4)c3s2)C1=O;-5,51;-3,34;581;CF;IT-4F;-5,66;-4,14;800;0,928;16,15;61;9,14;01:01;[1111];✅ OK
P2TBR;CCCCC(CC)COc1cc(-c2ccc(-c3cc4c(-c5ccc(CC(CC)CCCC)s5)c5sc(/C=C6/SC(=O)N(CC)C6=O)cc5c(-c5ccc(CC(CC)CCCC)s5)c4s3)s2)c(OCC(CC)CCCC)cc1-c1csc(-c2cc3c(-c4ccc(CC(CC)CCCC)s4)c4sc(/C=C5/SC(=O)N(CC)C5=O)cc4c(-c4ccc(CC(CC)CCCC)s4)c3s2)c1;-5,36;-3,64;554;CF;IDIC;-5,65;-3,97;710;0,94;17,5;70,1;11,5;01:01;[1111];✅ OK
DRTB-FT;CCCCC(CC)Cc1ccc(-c2c3cc(-c4cc5c(-c6cc(F)c(CC(CC)CCCC)s6)c6sc(-c7cc8c(-c9ccc(CC(CC)CCCC)s9)c9sc(/C=C%10/SC(=O)N(CC)C%10=O)cc9c(-c9ccc(CC(CC)CCCC)s9)c8s7)cc6c(-c6cc(F)c(CC(CC)CCCC)s6)c5s4)sc3c(-c3ccc(CC(CC)CCCC)s3)c3cc(/C=C4/SC(=O)N(CC)C4=O)sc23)s1;-5,64;-3,61;587;CF;F-2Cl;-5,83;-3,9;760;1,07;13,46;53,2;7,66;01:00,8;[1111];✅ OK
3BDT-4;CCCCCCN1C(=O)S/C(=C/c2ccc(-c3ccc(-c4cc5c(-c6ccc(CC(CC)CCCC)s6)c6sc(-c7cc8c(-c9ccc(CC(CC)CCCC)s9)c9sc(-c%10cc%11c(-c%12ccc(CC(CC)CCCC)s%12)c%12sc(-c%13ccc(-c%14ccc(/C=C%15/SC(=O)N(CCCCCC)C%15=O)s%14)s%13)cc%12c(-c%12ccc(CC(CC)CCCC)s%12)c%11s%10)cc9c(-c9ccc(CC(CC)CCCC)s9)c8s7)cc6c(-c6ccc(CC(CC)CCCC)s6)c5s4)s3)s2)C1=O;-5,15;-3,44;564;CF;Y6;-5,7;-4,08;833;0,829;17;41,3;5,82;1 O,55;[1111];✅ OK
3BDT-5;CCCCC(CC)COC(=O)/C(C#N)=C/c1ccc(-c2ccc(-c3cc4c(-c5ccc(CC(CC)CCCC)s5)c5sc(-c6cc7c(-c8ccc(CC(CC)CCCC)s8)c8sc(-c9cc%10c(-c%11ccc(CC(CC)CCCC)s%11)c%11sc(-c%12ccc(-c%13ccc(/C=C(\C#N)C(=O)OCC(CC)CCCC)s%13)s%12)cc%11c(-c%11ccc(CC(CC)CCCC)s%11)c%10s9)cc8c(-c8ccc(CC(CC)CCCC)s8)c7s6)cc5c(-c5ccc(CC(CC)CCCC)s5)c4s3)s2)s1;-5,15;-3,4;550;CF;Y6;-5,7;-4,08;833;0,84;21,3;58,1;10,4;2 O,55;[1111];✅ OK
DR3TBDTT;CCCCCCCCc1cc(/C=C2/SC(=S)N(CC)C2=O)sc1-c1ccc(-c2sc(-c3cc4c(-c5ccc(CC(CC)CCCC)s5)c5sc(-c6cc(CCCCCCCC)c(-c7ccc(-c8sc(/C=C9/SC(=S)N(CC)C9=O)cc8CCCCCCCC)s7)s6)cc5c(-c5ccc(CC(CC)CCCC)s5)c4s3)cc2CCCCCCCC)s1;-5,02;-3,27;637;CF;0-IDTBR;-5,51;-3,88;731;1,15;11,06;50;6,36;0,8 1;[1111];✅ OK
BT-2F;CCCCCCc1cc(-c2ccc(/C=C(\C#N)C(=O)OCC(CC)CCCC)s2)sc1-c1sc(-c2cc3c(-c4sc(CC(CC)CCCC)c(F)c4F)c4sc(-c5cc(CCCCCC)c(-c6sc(-c7ccc(/C=C(\C#N)C(=O)OCC(CC)CCCC)s7)cc6CCCCCC)s5)cc4c(-c4sc(CC(CC)CCCC)c(F)c4F)c3s2)cc1CCCCCC;-5,4;-3,4;611;CF;N3;-5,64;-4,08;751;0,84;23,81;70,22;14,09;01:01;[1111];✅ OK
BDT(X1);CCCCCCc1cc(-c2c3cc(-c4cc(CCCCCC)c(-c5sc(-c6ccc(/C=C(\C#N)C(=O)OCCCCC)s6)cc5CCCCCC)s4)sc3c(-c3cc(CCCCCC)c(CC(CC)CCCC)s3)c3cc(-c4cc(CCCCCC)c(-c5sc(-c6ccc(/C=C(\C#N)C(=O)OCCCCC)s6)cc5CCCCCC)s4)sc23)sc1CC(CC)CCCC;-5,29;-3,64;563;CF;IDIC;-5,65;-3,97;710;0,92;13,26;71;8,69;01:01;[1111];✅ OK
BDT(X2);CCCCCCc1cc(-c2c3cc(-c4cc(CCCCCC)c(-c5sc(-c6ccc(/C=C(\C#N)C(=O)OCC)s6)cc5CCCCCC)s4)sc3c(-c3cc(CCCCCC)c(CC(CC)CCCC)s3)c3cc(-c4cc(CCCCCC)c(-c5sc(-c6ccc(/C=C(\C#N)C(=O)OCC)s6)cc5CCCCCC)s4)sc23)sc1CC(CC)CCCC;-5,32;-3,63;563;CF;IDIC;-5,65;-3,97;710;0,94;12,9;58;7,04;01:01;[1111];✅ OK
BTR;CCCCCCc1cc(-c2c3cc(-c4cc(CCCCCC)c(-c5cc(CCCCCC)c(-c6ccc(/C=C7\SC(=S)N(CCCCCC)C7=O)s6)s5)s4)sc3c(-c3cc(CCCCCC)c(CC(CC)CCCC)s3)c3cc(-c4cc(CCCCCC)c(-c5cc(CCCCCC)c(-c6ccc(/C=C7\SC(=S)N(CCCCCC)C7=O)s6)s5)s4)sc23)sc1CC(CC)CCCC;-5,34;-3,53;620;CF;Y6;-5,7;-4,08;833;0,85;22,25;56,4;10,67;01:01;[1111];✅ OK
BTR-Cl;CCCCCCc1cc(-c2cc3c(-c4cc(Cl)c(CC(CC)CCCC)s4)c4sc(-c5cc(CCCCCC)c(-c6cc(CCCCCC)c(-c7ccc(/C=C8\SC(=S)N(CCCCCC)C8=O)s7)s6)s5)cc4c(-c4cc(Cl)c(CC(CC)CCCC)s4)c3s2)sc1-c1cc(CCCCCC)c(-c2ccc(/C=C3\SC(=S)N(CCCCCC)C3=O)s2)s1;-5,46;-3,7;573;CF;Y6;-5,7;-4,08;833;0,86;24,17;65,5;13,61;01:01;[1111];✅ OK
BTR-Cl;CCCCCCc1cc(-c2cc3c(-c4cc(Cl)c(CC(CC)CCCC)s4)c4sc(-c5cc(CCCCCC)c(-c6cc(CCCCCC)c(-c7ccc(/C=C8\SC(=S)N(CCCCCC)C8=O)s7)s6)s5)cc4c(-c4cc(Cl)c(CC(CC)CCCC)s4)c3s2)sc1-c1cc(CCCCCC)c(-c2ccc(/C=C3\SC(=S)N(CCCCCC)C3=O)s2)s1;-5,46;-3,7;573;CF;BTP-FCl-FCl;-5,7;-3,9;845;0,825;24,58;75,36;15,3;01:01;[1111];✅ OK
BTR;CCCCCCc1cc(-c2c3cc(-c4cc(CCCCCC)c(-c5cc(CCCCCC)c(-c6ccc(/C=C7\SC(=S)N(CCCCCC)C7=O)s6)s5)s4)sc3c(-c3cc(CCCCCC)c(CC(CC)CCCC)s3)c3cc(-c4cc(CCCCCC)c(-c5cc(CCCCCC)c(-c6ccc(/C=C7\SC(=S)N(CCCCCC)C7=O)s6)s5)s4)sc23)sc1CC(CC)CCCC;-5,34;-3,51;620;CF;BO-4Cl;-5,69;-3,87;822;0,83;17,91;66;10,4;01:01;[1111];✅ OK
NDTSR;CCCCCCCCc1cc(-c2cc3c(-c4ccc(SCC(CC)CCCC)s4)cc4c(cc(-c5ccc(SCC(CC)CCCC)s5)c5cc(-c6cc(CCCCCCCC)c(-c7cc(CCCCCCCC)c(-c8ccc(/C=C9/SC(=S)N(CC)C9=O)s8)s7)s6)sc54)c3s2)sc1-c1cc(CCCCCCCC)c(-c2ccc(/C=C3/SC(=S)N(CC)C3=O)s2)s1;-5,25;-3,5;530;CF;IDIC;-5,65;-3,97;710;0,92;14,13;61,95;8,05;1:0.6;[1111];✅ OK
ZR2-C1;CCCCCCCCc1cc(-c2cc3sc4c(-c5ccc(CC(CCCC)CCCCCC)s5)c5c(sc6cc(-c7cc(CCCCCCCC)c(-c8ccc(/C=C9\SC(=S)N(CCCCCC)C9=O)s8)s7)sc65)c(-c5ccc(CC(CCCC)CCCCCC)s5)c4c3s2)sc1-c1ccc(/C=C2\SC(=S)N(CCCCCC)C2=O)s1;-5,36;-3,55;566;CF;Y6;-5,7;-4,08;833;0,852;21,35;65,12;11,79;1:0.55;[1111];✅ OK
ZR2-C1;CCCCCCCCc1cc(-c2cc3sc4c(-c5ccc(CC(CCCC)CCCCCC)s5)c5c(sc6cc(-c7cc(CCCCCCCC)c(-c8ccc(/C=C9\SC(=S)N(CCCCCC)C9=O)s8)s7)sc65)c(-c5ccc(CC(CCCC)CCCCCC)s5)c4c3s2)sc1-c1ccc(/C=C2\SC(=S)N(CCCCCC)C2=O)s1;-5,36;-3,55;566;CF;IDIC-4F;-5,66;-4,14;803;0,796;18,15;64,16;9,27;1:0.6;[1111];✅ OK
ZR2-C2;CCCCCCCCc1cc(-c2cc3sc4c(-c5ccc(CCC(CCCC)CCCCCC)s5)c5c(sc6cc(-c7cc(CCCCCCCC)c(-c8ccc(/C=C9\SC(=S)N(CCCCCC)C9=O)s8)s7)sc65)c(-c5ccc(CCC(CCCC)CCCCCC)s5)c4c3s2)sc1-c1ccc(/C=C2\SC(=S)N(CCCCCC)C2=O)s1;-5,35;-3,5;622;CF;Y6;-5,7;-4,08;833;0,852;23,03;65,43;12,84;1:0.55;[1111];✅ OK
ZR2-C2;CCCCCCCCc1cc(-c2cc3sc4c(-c5ccc(CCC(CCCC)CCCCCC)s5)c5c(sc6cc(-c7cc(CCCCCCCC)c(-c8ccc(/C=C9\SC(=S)N(CCCCCC)C9=O)s8)s7)sc65)c(-c5ccc(CCC(CCCC)CCCCCC)s5)c4c3s2)sc1-c1ccc(/C=C2\SC(=S)N(CCCCCC)C2=O)s1;-5,35;-3,5;622;CF;IDIC-4F;-5,66;-4,14;803;0,783;18,27;69,29;9,91;1:0.6;[1111];✅ OK
ZR2-C3;CCCCCCCCc1cc(-c2cc3sc4c(-c5ccc(CCCC(CCCC)CCCCCC)s5)c5c(sc6cc(-c7cc(CCCCCCCC)c(-c8ccc(/C=C9\SC(=S)N(CCCCCC)C9=O)s8)s7)sc65)c(-c5ccc(CCCC(CCCC)CCCCCC)s5)c4c3s2)sc1-c1ccc(/C=C2\SC(=S)N(CCCCCC)C2=O)s1;-5,34;-3,5;625;CF;Y6;-5,7;-4,08;833;0,854;24,69;70,06;14,78;1:0.55;[1111];✅ OK
ZR2-C3;CCCCCCCCc1cc(-c2cc3sc4c(-c5ccc(CCCC(CCCC)CCCCCC)s5)c5c(sc6cc(-c7cc(CCCCCCCC)c(-c8ccc(/C=C9\SC(=S)N(CCCCCC)C9=O)s8)s7)sc65)c(-c5ccc(CCCC(CCCC)CCCCCC)s5)c4c3s2)sc1-c1ccc(/C=C2\SC(=S)N(CCCCCC)C2=O)s1;-5,34;-3,5;625;CF;IDIC-4F;-5,66;-4,14;803;0,776;18,95;70,41;10,35;1:0.6;[1111];✅ OK
DR3TBDTT;CCCCCCCCc1cc(/C=C2/SC(=S)N(CC)C2=O)sc1-c1ccc(-c2sc(-c3cc4c(-c5ccc(CC(CC)CCCC)s5)c5sc(-c6cc(CCCCCCCC)c(-c7ccc(-c8sc(/C=C9/SC(=S)N(CC)C9=O)cc8CCCCCCCC)s7)s6)cc5c(-c5ccc(CC(CC)CCCC)s5)c4s3)cc2CCCCCCCC)s1;-5,17;-3,34;650;CF;Y6;-5,7;-4,08;833;0,78;23,64;66,06;12,18;1,8:1;[1111];✅ OK
H11;CCCCCCCCC(CCCCCC)Cn1nc2c(-c3ccc(/C=C(\C#N)C(=O)OCC(CC)CCCC)s3)c(F)c(F)c(-c3ccc(-c4cc5c(-c6ccc(CC(CC)CCCC)s6)c6sc(-c7ccc(-c8c(F)c(F)c(-c9ccc(/C=C(\C#N)C(=O)OCC(CC)CCCC)s9)c9nn(CC(CCCCCC)CCCCCCCC)nc89)s7)cc6c(-c6ccc(CC(CC)CCCC)s6)c5s4)s3)c2n1;-5,31;-3,03;605;CF;IDIC;-5,65;-3,97;710;0,977;15,21;65,46;9,73;02:01;[1111];✅ OK
H12;CCCCCCCCC(CCCCCC)Cn1nc2c(-c3ccc(/C=C(\C#N)C(=O)OCC(CC)CCCC)s3)c(F)c(F)c(-c3ccc(-c4cc5c(OCC(CC)CCCC)c6sc(-c7ccc(-c8c(F)c(F)c(-c9ccc(/C=C(\C#N)C(=O)OCC(CC)CCCC)s9)c9nn(CC(CCCCCC)CCCCCCCC)nc89)s7)cc6c(OCC(CC)CCCC)c5s4)s3)c2n1;-5,28;-3,01;605;CF;IDIC;-5,65;-3,97;710;0,955;10,51;54,89;5,51;02:01;[1111];✅ OK
H13;CCCCCCCCC(CCCCCC)Cn1nc2c(-c3ccc(/C=C(\C#N)C(=O)OCC(CC)CCCC)s3)c(F)c(F)c(-c3ccc(-c4cc5c(-c6cc(F)c(CC(CC)CCCC)s6)c6sc(-c7ccc(-c8c(F)c(F)c(-c9ccc(/C=C(\C#N)C(=O)OCC(CC)CCCC)s9)c9nn(CC(CCCCCC)CCCCCCCC)nc89)s7)cc6c(-c6cc(F)c(CC(CC)CCCC)s6)c5s4)s3)c2n1;-5,43;-3,39;605;CF;IDIC-4F;-5,66;-4,14;803;0,939;17,3;63,2;10,3;02:01;[1111];✅ OK
H14;CCCCCCCCC(CCCCCC)Cn1nc2c(-c3ccc(/C=C(\C#N)C(=O)OCC(CC)CCCC)s3)c(F)c(F)c(-c3ccc(-c4cc5c(-c6cc(Cl)c(CC(CC)CCCC)s6)c6sc(-c7ccc(-c8c(F)c(F)c(-c9ccc(/C=C(\C#N)C(=O)OCC(CC)CCCC)s9)c9nn(CC(CCCCCC)CCCCCCCC)nc89)s7)cc6c(-c6cc(Cl)c(CC(CC)CCCC)s6)c5s4)s3)c2n1;-5,46;-3,47;605;CF;IDIC-4F;-5,66;-4,14;803;0,943;18,3;70,2;12,1;02:01;[1111];✅ OK
BDT(TVT-SR)2;CCCCCCCCC(CCCCCC)Cn1nc2c(-c3ccc(/C=C(\C#N)C(=O)OCC(CC)CCCC)s3)c(F)c(F)c(-c3ccc(-c4cc5c(-c6ccc(/C=C/c7ccc(SCC(CC)CCCC)s7)s6)c6sc(-c7ccc(-c8c(F)c(F)c(-c9ccc(/C=C(\C#N)C(=O)OCC(CC)CCCC)s9)c9nn(CC(CCCCCC)CCCCCCCC)nc89)s7)cc6c(-c6ccc(/C=C/c7ccc(SCC(CC)CCCC)s7)s6)c5s4)s3)c2n1;-5,33;-3,18;603;CF;IDIC;-5,65;-3,97;710;0,98;15,92;71,15;11,1;02:01;[1111];✅ OK
SM-BT-2OR;CCCCCCCCOc1cc(-c2ccc(-c3ccc(/C=C(\C#N)C(=O)OCC(CC)CCCC)s3)c3nsnc23)sc1-c1cc2c(-c3ccc(CC(CC)CCCC)s3)c3sc(-c4sc(-c5ccc(-c6ccc(/C=C(\C#N)C(=O)OCC(CC)CCCC)s6)c6nsnc56)cc4OCCCCCCCC)cc3c(-c3ccc(CC(CC)CCCC)s3)c2s1;-5,34;-2,12;584;CF;IDIC;-5,65;-3,97;710;0,939;13,57;56,5;7,2;02:01;[1111];✅ OK
SM-BT-2F;CCCCCCCCOc1cc(-c2c(F)c(F)c(-c3ccc(/C=C(\C#N)C(=O)OCC(CC)CCCC)s3)c3nsnc23)sc1-c1cc2c(-c3ccc(CC(CC)CCCC)s3)c3sc(-c4sc(-c5c(F)c(F)c(-c6ccc(/C=C(\C#N)C(=O)OCC(CC)CCCC)s6)c6nsnc56)cc4OCCCCCCCC)cc3c(-c3ccc(CC(CC)CCCC)s3)c2s1;-5,36;-2,26;606;CF;IDIC;-5,65;-3,97;710;0,987;5,36;30,2;1,6;02:01;[1111];✅ OK
BDT3TR;CCCCCCCCc1cc(/C=C2/SC(=O)N(CC)C2=O)sc1-c1cc(CCCCCCCC)c(-c2sc(-c3cc4c(-c5ccc(CC(CC)CCCC)s5)c5sc(-c6cc7c(-c8ccc(CC(CC)CCCC)s8)c8sc(-c9cc%10c(-c%11ccc(CC(CC)CCCC)s%11)c%11sc(-c%12cc(CCCCCCCC)c(-c%13sc(-c%14sc(/C=C%15/SC(=O)N(CC)C%15=O)cc%14CCCCCCCC)cc%13CCCCCCCC)s%12)cc%11c(-c%11ccc(CC(CC)CCCC)s%11)c%10s9)cc8c(-c8ccc(CC(CC)CCCC)s8)c7s6)cc5c(-c5ccc(CC(CC)CCCC)s5)c4s3)cc2CCCCCCCC)s1;-5,1;-3,28;572;CF;O-IDTBR;-5,51;-3,88;731;1,06;12,1;55;7,09;01:01;[Pilar];✅ OK
DRC4TB;CCCCCCCCc1cc(-c2cc3c(-c4cccs4)c4sc(-c5cc(CCCCCCCC)c(-c6cc(OC(CC)CCCC)c(-c7ccc(/C=C8/SC(=S)N(CCCC)C8=O)s7)cc6OC(CC)CCCC)s5)cc4c(-c4cccs4)c3s2)sc1-c1cc(OC(CC)CCCC)c(-c2ccc(/C=C3/SC(=S)N(CCCC)C3=O)s2)cc1OC(CC)CCCC;-5,25;-3,21;606;CF;Hf-PCIC;-5,41;-3,84;780;0,9;15,21;65,5;8,68;1,5:1;[Pilar];✅ OK
SM;CCCCCCCCc1cc(/C=C(\C#N)C(=O)OCC)sc1-c1ccc(-c2sc(-c3cc4c(-c5ccc(CC(CC)CCCC)s5)c5sc(-c6cc(CCCCCCCC)c(-c7ccc(-c8sc(/C=C(\C#N)C(=O)OCC)cc8CCCCCCCC)s7)s6)cc5c(-c5ccc(CC(CC)CCCC)s5)c4s3)cc2CCCCCCCC)s1;-5,25;-3,33;616;CF;IDIC;-5,65;-3,97;710;0,911;15,51;67,85;9,39;02:01;[Pilar];✅ OK
SM-Cl;CCCCCCCCc1cc(/C=C(\C#N)C(=O)OCC)sc1-c1ccc(-c2sc(-c3cc4c(-c5sc(CC(CC)CCCC)cc5Cl)c5sc(-c6cc(CCCCCCCC)c(-c7ccc(-c8sc(/C=C(\C#N)C(=O)OCC)cc8CCCCCCCC)s7)s6)cc5c(-c5sc(CC(CC)CCCC)cc5Cl)c4s3)cc2CCCCCCCC)s1;-5,42;-3,34;601;CF;IDIC;-5,65;-3,97;710;0,972;12,61;63,08;7,73;02:01;[Pilar];✅ OK
DFDT(DDP)2;CCCCC(CC)CN1C(=O)C2=C(c3ccc(-c4ccc(-c5ccc(-c6ccc(C7=C8C(=O)N(CC(CC)CCCC)C(c9cccs9)=C8C(=O)N7CC(CC)CCCC)s6)s5)s4)s3)N(CC(CC)CCCC)C(=O)C2=C1c1cccs1;-5,39;-3,51;616;CF;IDIC;-5,65;-3,97;710;0,99;14,79;47,9;7,01;01:01;[Pilar];✅ OK
DFDT(DDP)2;CCCCC(CC)CN1C(=O)C2=C(c3ccc(-c4ccc(-c5ccc(-c6ccc(C7=C8C(=O)N(CC(CC)CCCC)C(c9cccs9)=C8C(=O)N7CC(CC)CCCC)s6)s5)s4)s3)N(CC(CC)CCCC)C(=O)C2=C1c1cccs1;-5,39;-3,51;616;CF;IDIC-4F;-5,66;-4,14;803;0,86;16,83;65,2;9,43;01:01;[Pilar];✅ OK
D5T2F-P;CCCCCCCCc1cc(/C=c2\sc(=C(C#N)C#N)n(CC)c2=O)sc1-c1cc(CCCCCCCC)c(-c2sc(-c3sc(-c4sc(/C=c5\sc(=C(C#N)C#N)n(CC)c5=O)cc4CCCCCCCC)cc3CCCCCCCC)c(F)c2F)s1;-5,34;-3,59;708;CF;IDIC-4F;-5,66;-4,14;803;0,86;16,85;63;9,36;1,5:1;[Pilar];✅ OK
D5T2F-S;CCCCCCCCc1cc(/C=c2\sc(=C(C#N)C#N)n(CC)c2=O)sc1-c1sc(-c2ccc(-c3sc(-c4sc(/C=c5\sc(=C(C#N)C#N)n(CC)c5=O)cc4CCCCCCCC)c(F)c3CCCCCCCC)s2)c(CCCCCCCC)c1F;-5,29;-3,45;600;CF;IDIC-4F;-5,66;-4,14;803;0,72;15,38;56;6,43;1,5:1;[Pilar];✅ OK
D5T2F-T;CCCCCCCCc1cc(-c2sc(/C=c3\sc(=C(C#N)C#N)n(CC)c3=O)c(F)c2CCCCCCCC)sc1-c1ccc(-c2sc(-c3sc(/C=c4\sc(=C(C#N)C#N)n(CC)c4=O)c(F)c3CCCCCCCC)cc2CCCCCCCC)s1;-5,24;-3,49;660;CF;IDIC-4F;-5,66;-4,14;803;0,84;10,73;54,1;5,29;1,5:1;[Pilar];✅ OK
BDT-2T-DVC-Me;CCCCC(CC)Cc1ccc(-c2c3cc(-c4ccc(-c5ccc(C(C)=C(C#N)C#N)s5)s4)sc3c(-c3ccc(CC(CC)CCCC)s3)c3cc(-c4ccc(-c5ccc(C(C)=C(C#N)C#N)s5)s4)sc23)s1;-5,56;-3,35;600;CF;IDIC;-5,65;-3,97;710;1,06;4,75;29,31;1,56;01:01;[Pilar];✅ OK
BDT-2T-CNAB;CCCCOC(=O)/C(C#N)=C/c1ccc(-c2ccc(-c3cc4c(-c5ccc(CC(CC)CCCC)s5)c5sc(-c6ccc(-c7ccc(/C=C(\C#N)C(=O)OCCCC)s7)s6)cc5c(-c5ccc(CC(CC)CCCC)s5)c4s3)s2)s1;-5,54;-3,31;600;CF;IDIC;-5,65;-3,97;710;1,04;10,1;58,84;6,17;01:01;[Pilar];✅ OK
2FDC5T;CCCCCCCCc1cc(/C=c2\sc(=C(C#N)C#N)n(CC)c2=O)sc1-c1sc(-c2sc(-c3sc(-c4sc(/C=c5\sc(=C(C#N)C#N)n(CC)c5=O)cc4CCCCCCCC)c(CCCCCCCC)c3CCCCCCCC)c(F)c2F)c(CCCCCCCC)c1CCCCCCCC;-5,18;-3,45;575;CF;IDIC-4F;-5,66;-4,14;803;0,92;17,53;54,87;9,02;01:01;[Pilar];✅ OK
DC5T;CCCCCCCCc1cc(/C=c2\sc(=C(C#N)C#N)n(CC)c2=O)sc1-c1sc(-c2ccc(-c3sc(-c4sc(/C=c5\sc(=C(C#N)C#N)n(CC)c5=O)cc4CCCCCCCC)c(CCCCCCCC)c3CCCCCCCC)s2)c(CCCCCCCC)c1CCCCCCCC;-5,34;-3,57;590;CF;IDIC-4F;-5,66;-4,14;803;0,86;12,34;66,25;7,03;01:01;[Pilar];✅ OK
CBTSeEHR;CCCCCCCCc1cc(/C=C2/SC(=S)N(CC(CC)CCCC)C2=O)sc1-c1ccc(-c2sc(-c3cc4c(-c5cc(Cl)c(CC(CC)CCCC)s5)c5sc(-c6cc(CCCCCCCC)c(-c7ccc(-c8sc(/C=C9/SC(=S)N(CC(CC)CCCC)C9=O)cc8CCCCCCCC)[se]7)s6)cc5c(-c5cc(Cl)c(CC(CC)CCCC)s5)c4s3)cc2CCCCCCCC)[se]1;-5,45;-3,61;630;CF;FO-2Cl;-5,41;-3,83;765;0,871;15,28;69,8;9,3;01:01,2;[Pilar];✅ OK
C-F;CCCCCCCCc1cc(-c2cc3c(-c4ccc(CC(CC)CCCC)cc4)c4sc(-c5cc(CCCCCCCC)c(-c6cc(CCCCCC)c(/C=C7/SC(=S)N(CCCCCC)C7=O)s6)s5)cc4c(-c4ccc(CC(CC)CCCC)cc4)c3s2)sc1-c1cc(CCCCCC)c(/C=C2/SC(=S)N(CCCCCC)C2=O)s1;-5,29;-3,53;559;CF;N3;-5,64;-4,08;751;0,79;20,51;47,52;7,76;1.6:1;[Pilar];✅ OK
BBTSM-2;CCCCCCCCC(CCCCCC)Cc1ccc(-c2c3nc(-c4cc(CCCCCC)c(-c5ccc(-c6sc(/C=C(/C#N)C(=O)OCC(CC)CCCC)cc6CCCCCC)s5)s4)sc3c(-c3ccc(CC(CCCCCC)CCCCCCCC)s3)c3nc(-c4cc(CCCCCC)c(-c5ccc(-c6sc(/C=C(/C#N)C(=O)OCC(CC)CCCC)cc6CCCCCC)s5)s4)sc23)s1;-5,5;-3,47;611;CF;Y6;-5,7;-4,08;833;0,78;16,7;43,7;5,7;1,2:1;[Pilar];✅ OK
3DTBDT-Cl;CCCCCCCCC(CCCCCC)Cc1ccc(-c2c3sc4cc(-c5cc6sc7c(-c8cc(Cl)c(CC(CCCCCC)CCCCCCCC)s8)c8c(sc9cc(-c%10cc%11sc%12c(-c%13ccc(CC(CCCCCC)CCCCCCCC)s%13)c%13c(sc%14cc(/C=C%15/SC(=S)N(CCCCCC)C%15=O)sc%14%13)c(-c%13ccc(CC(CCCCCC)CCCCCCCC)s%13)c%12c%11s%10)sc98)c(-c8cc(Cl)c(CC(CCCCCC)CCCCCCCC)s8)c7c6s5)sc4c3c(-c3ccc(CC(CCCCCC)CCCCCCCC)s3)c3sc4cc(/C=C5/SC(=S)N(CCCCCC)C5=O)sc4c23)s1;-5,48;-3,55;596;CF;L8-BO;-5,69;-3,91;800;0,92;18,8;62,62;10,83;01:01;[Pilar];✅ OK
ZW2;CCCCCCCCc1nc(-c2cc3c(-c4cc(F)c(CC(CC)CCCC)s4)c4sc(-c5nc(CCCCCCCC)c(-c6sc(-c7ccc(/C=C8/SC(=S)N(CC(CC)CCCC)C8=O)s7)cc6CCCCCC)s5)nc4c(-c4cc(F)c(CC(CC)CCCC)s4)c3s2)sc1-c1nc(CCCCCC)c(-c2ccc(/C=C3/SC(=S)N(CC(CC)CCCC)C3=O)s2)s1;-5,59;-3,56;550;CF;6TIC;-5,39;-4,02;790;0,813;14,32;45,7;5,32;01:01;[ZW2];✅ OK
DRTB-O;CCCCC(CC)COc1c2cc(-c3cc4c(OCC(CC)CCCC)c5sc(-c6cc7c(OCC(CC)CCCC)c8sc(/C=C9/SC(=O)N(CC)C9=O)cc8c(OCC(CC)CCCC)c7s6)cc5c(OCC(CC)CCCC)c4s3)sc2c(OCC(CC)CCCC)c2cc(/C=C3/SC(=O)N(CC)C3=O)sc12;-5,5;-3,56;572;CF;IDIC;-5,65;-3,97;710;0,99;0,57;27;0,15;"1:1;25";[jule];✅ OK
BSFTR;CCCCCCc1cc(-c2cc3c(-c4cc(F)c(SC(CC)CCCC)s4)c4sc(-c5cc(CCCCCC)c(-c6cc(CCCCCC)c(-c7ccc(/C=C8/SC(=S)N(C(CC)CCCC)C8=O)s7)s6)s5)cc4c(-c4cc(F)c(SC(CC)CCCC)s4)c3s2)sc1-c1cc(CCCCCC)c(-c2ccc(/C=C3/SC(=S)N(C(CC)CCCC)C3=O)s2)s1;-5,59;-3,61;568;CF;IDIC;-5,65;-3,97;710;0,98;9,3;70,88;6,43;1:0.8;[jule];✅ OK
SM-BT-2F;CCCCCCCCOc1cc(-c2c(F)c(F)c(-c3ccc(/C=C(\C#N)C(=O)OCC(CC)CCCC)s3)c3nsnc23)sc1-c1cc2c(-c3ccc(CC(CC)CCCC)s3)c3sc(-c4sc(-c5c(F)c(F)c(-c6ccc(/C=C(\C#N)C(=O)OCC(CC)CCCC)s6)c6nsnc56)cc4OCCCCCCCC)cc3c(-c3ccc(CC(CC)CCCC)s3)c2s1;-5,36;-3,26;606;CF;IDIC;-5,65;-3,97;710;0,98;6,74;41,7;2,76;02:01;[jule];✅ OK
SBDT-BDD;CCCCC(CC)Sc1ccc(-c2c3cc(-c4ccc(-c5sc(-c6ccc(/C=C7/SC(=S)N(CC)C7=O)s6)c6c5C(=O)c5c(C(CC)CCCC)sc(C(CC)CCCC)c5C6=O)s4)sc3c(-c3ccc(SC(CC)CCCC)s3)c3cc(-c4ccc(-c5sc(-c6ccc(/C=C7/SC(=S)N(CC)C7=O)s6)c6c5C(=O)c5c(C(CC)CCCC)sc(C(CC)CCCC)c5C6=O)s4)sc23)s1;-5,25;-3,55;521;CF;IDIC;-5,65;-3,97;710;0,98;15,15;62,4;9,2;01:01;[SBDT];✅ OK
BTR-Cl;CCCCCCc1cc(-c2cc3c(-c4cc(Cl)c(CC(CC)CCCC)s4)c4sc(-c5cc(CCCCCC)c(-c6cc(CCCCCC)c(-c7ccc(/C=C8\SC(=S)N(CCCCCC)C8=O)s7)s6)s5)cc4c(-c4cc(Cl)c(CC(CC)CCCC)s4)c3s2)sc1-c1cc(CCCCCC)c(-c2ccc(/C=C3\SC(=S)N(CCCCCC)C3=O)s2)s1;-5,3;-2,79;580;CF;L8-Bo;-5,69;-3,91;800;0,86;22,91;73;15;1,4:1;[TB];✅ OK
TB;CCCCCCc1cc(-c2cc3c(-c4cc(Cl)c(CC(CC)CCCC)s4)c4sc(-c5cc(CCCCCC)c(-c6cc(CCCCCC)c(-c7ccc(/C=C8\SC(=S)N(CCCCCC)C8=O)s7)s6)s5)cc4c(-c4ccc(SC(CC)CCCC)cc4)c3s2)sc1-c1cc(CCCCCC)c(-c2ccc(/C=C3\SC(=S)N(CCCCCC)C3=O)s2)s1;-5,28;-2,76;580;CF;L8-Bo;-5,69;-3,91;800;0,86;24,67;74,2;15,8;1,4:1;[TB];✅ OK
TB-F;CCCCCCc1cc(-c2cc3c(-c4cc(Cl)c(CC(CC)CCCC)s4)c4sc(-c5cc(CCCCCC)c(-c6cc(CCCCCC)c(-c7ccc(/C=C8\SC(=S)N(CCCCCC)C8=O)s7)s6)s5)cc4c(-c4ccc(SC(CC)CCCC)c(F)c4)c3s2)sc1-c1cc(CCCCCC)c(-c2ccc(/C=C3\SC(=S)N(CCCCCC)C3=O)s2)s1;-5,31;-2,8;580;CF;L8-Bo;-5,69;-3,91;800;0,87;25,41;76,7;17;1,4:2;[TB];✅ OK
H21;CCCCCCCCc1cc(/C=C2/SC(=O)N(CC)C2=O)sc1-c1ccc(-c2sc(-c3cc4c(-c5ccc([Si](CCC)(CCC)CCC)s5)c5sc(-c6cc(CCCCCCCC)c(-c7ccc(-c8sc(/C=C9/SC(=O)N(CC)C9=O)cc8CCCCCCCC)s7)s6)cc5c(-c5ccc([Si](CCC)(CCC)CCC)s5)c4s3)cc2CCCCCCCC)s1;-5,38;-3,63;685;CF;IDIC;-5,65;-3,97;710;0,895;13;65,58;7,62;1,5:1;[H21];✅ OK
H22;CCCCCCCCc1cc(/C=C(\C#N)C(=O)OCC(CC)CCCC)sc1-c1ccc(-c2sc(-c3cc4c(-c5ccc([Si](CCC)(CCC)CCC)s5)c5sc(-c6cc(CCCCCCCC)c(-c7ccc(-c8sc(/C=C(\C#N)C(=O)OCC(CC)CCCC)cc8CCCCCCCC)s7)s6)cc5c(-c5ccc([Si](CCC)(CCC)CCC)s5)c4s3)cc2CCCCCCCC)s1;-5,39;-3,59;655;CF;IDIC;-5,65;-3,97;710;0,942;15,38;71,15;10,29;1,5:1;[H21];✅ OK
BDT-2DPP;CCCCC(CC)Cc1ccc(-c2c3cc(-c4ccc(C5=C6C(=O)N(CC(CC)CCCC)C(c7cccs7)=C6C(=O)N5CC(CC)CCCC)s4)sc3c(-c3ccc(CC(CC)CCCC)s3)c3cc(-c4ccc(C5=C6C(=O)N(CC(CC)CCCC)C(c7cccs7)=C6C(=O)N5CC(CC)CCCC)s4)sc23)s1;-5,23;-3,46;626;CF;IEIC;-5,42;-3,82;775;0,9;8,24;54;4;01:01;[IEIC];✅ OK
BDTS-2DPP;CCCCCCCCSc1ccc(-c2c3cc(-c4ccc(C5=C6C(=O)N(CC(CC)CCCC)C(c7cccs7)=C6C(=O)N5CC(CC)CCCC)s4)sc3c(-c3ccc(SCCCCCCCC)s3)c3cc(-c4ccc(C5=C6C(=O)N(CC(CC)CCCC)C(c7cccs7)=C6C(=O)N5CC(CC)CCCC)s4)sc23)s1;-5,28;-3,49;624;CF;IEIC;-5,42;-3,82;775;0,93;9,8;58;5,29;01:01;[IEIC];✅ OK
SM1;CCCCCCCCc1cc(/C=C(\C#N)C(=O)OC(CC)CCCC)sc1-c1ccc(-c2sc(-c3cc4c(-c5ccc(CC(CC)CCCC)s5)c5sc(-c6cc(CCCCCCCC)c(-c7ccc(-c8sc(/C=C(\C#N)C(=O)OC(CC)CCCC)cc8CCCCCCCC)s7)s6)cc5c(-c5ccc(CC(CC)CCCC)s5)c4s3)cc2CCCCCCCC)s1;-5,24;-2,82;566;CF;IDIC;-5,65;-3,97;710;0,905;15,18;73,55;10,11;02:01;[SM1-SM2];✅ OK
SM2;CCCCCCCCc1cc(/C=C(\C#N)C(=O)OCC)sc1-c1ccc(-c2sc(-c3cc4c(-c5ccc(CC(CC)CCCC)s5)c5sc(-c6cc(CCCCCCCC)c(-c7ccc(-c8sc(/C=C(\C#N)C(=O)OCC)cc8CCCCCCCC)s7)s6)cc5c(-c5ccc(CC(CC)CCCC)s5)c4s3)cc2CCCCCCCC)s1;-5,04;-2,7;521;CF;IDIC;-5,65;-3,97;710;0,768;10,77;64,4;5,32;02:01;[SM1-SM2];✅ OK
BTR-Cl;CCCCCCc1cc(-c2cc3c(-c4cc(Cl)c(CC(CC)CCCC)s4)c4sc(-c5cc(CCCCCC)c(-c6cc(CCCCCC)c(-c7ccc(/C=C8\SC(=S)N(CCCCCC)C8=O)s7)s6)s5)cc4c(-c4cc(Cl)c(CC(CC)CCCC)s4)c3s2)sc1-c1cc(CCCCCC)c(-c2ccc(/C=C3\SC(=S)N(CCCCCC)C3=O)s2)s1;-5,26;-3,51;573;CF;L8-BO;-5,69;-3,91;800;0,86;22,44;70,3;13,6;1,2/1;[BTR-YF];✅ OK
BTR-YF;CCCCCCCCC(CCCCCC)Cc1sc(-c2c3cc(-c4cc(CCCCCC)c(-c5cc(CCCCCC)c(-c6ccc(/C=C7\SC(=S)N(CCCCCC)C7=O)s6)s5)s4)sc3c(-c3ccc(F)cc3)c3cc(-c4cc(CCCCCC)c(-c5cc(CCCCCC)c(-c6ccc(/C=C7\SC(=S)N(CCCCCC)C7=O)s6)s5)s4)sc23)cc1Cl;-5,34;-3,52;568;CF;L8-BO;-5,69;-3,91;800;0,87;24,35;71,4;15,1;1,2/2;[BTR-YF];✅ OK
