D_Name,D_SMILES,D_HOMO,D_LUMO,D_lamda_max,A_Name,A_HOMO,A_LUMO,A_lamda_max,VOC (V),JSC (mA/cm²),FF (%),PCE (%),Ratio,D_gap,A_gap,delta_HOMO,delta_LUMO,Conversion_Status
MPHS-Ph,CCCCCCCCc1cc(-c2cc3sc4c(-c5cccc(SCC(CCCCCC)CCCCCCCC)c5)c5c(sc6cc(-c7cc(CCCCCCCC)c(-c8ccc(/C=C9\SC(=S)N(Cc%10ccccc%10)C9=O)s8)s7)sc65)c(-c5cccc(SCC(CCCCCC)CCCCCCCC)c5)c4c3s2)sc1-c1ccc(/C=C2\SC(=S)N(Cc3ccccc3)C2=O)s1,5.33,-3.51,564.0,BTP-eC9,5.64,-4.05,828.0,0.859,23.63,72.75,14.77,1.8,1.8200000000000005,1.59,0.3099999999999996,0.54,✅ OK
MPHS-Ph,CCCCCCCCc1cc(-c2cc3sc4c(-c5cccc(SCC(CCCCCC)CCCCCCCC)c5)c5c(sc6cc(-c7cc(CCCCCCCC)c(-c8ccc(/C=C9\SC(=S)N(Cc%10ccccc%10)C9=O)s8)s7)sc65)c(-c5cccc(SCC(CCCCCC)CCCCCCCC)c5)c4c3s2)sc1-c1ccc(/C=C2\SC(=S)N(Cc3ccccc3)C2=O)s1,5.33,-3.51,564.0,BTP-eC9,5.64,-4.05,828.0,0.858,23.16,73.22,14.48,1.9,1.8200000000000005,1.59,0.3099999999999996,0.54,✅ OK
MPHS-Ph,CCCCCCCCc1cc(-c2cc3sc4c(-c5cccc(SCC(CCCCCC)CCCCCCCC)c5)c5c(sc6cc(-c7cc(CCCCCCCC)c(-c8ccc(/C=C9\SC(=S)N(Cc%10ccccc%10)C9=O)s8)s7)sc65)c(-c5cccc(SCC(CCCCCC)CCCCCCCC)c5)c4c3s2)sc1-c1ccc(/C=C2\SC(=S)N(Cc3ccccc3)C2=O)s1,5.33,-3.51,564.0,BTP-eC9,5.64,-4.05,828.0,0.861,22.61,74.36,14.48,2.0,1.8200000000000005,1.59,0.3099999999999996,0.54,✅ OK
MPhS-C2,CCCCCCCCC(CCCCCC)CSc1cccc(-c2c3sc4cc(-c5ccc(-c6ccc(/C=C7/SC(=S)N(CC)C7=O)s6)s5)sc4c3c(-c3cccc(SCC(CCCCCC)CCCCCCCC)c3)c3sc4cc(-c5ccc(-c6ccc(/C=C7/SC(=S)N(CC)C7=O)s6)s5)sc4c23)c1,5.35,-3.45,522.0,BTP-eC9,5.64,-4.05,828.0,0.867,24.42,72.75,15.67,1.8,1.8999999999999997,1.59,0.29,0.5999999999999996,✅ OK
MPhS-C2,CCCCCCCCC(CCCCCC)CSc1cccc(-c2c3sc4cc(-c5ccc(-c6ccc(/C=C7/SC(=S)N(CC)C7=O)s6)s5)sc4c3c(-c3cccc(SCC(CCCCCC)CCCCCCCC)c3)c3sc4cc(-c5ccc(-c6ccc(/C=C7/SC(=S)N(CC)C7=O)s6)s5)sc4c23)c1,5.35,-3.45,522.0,BTP-eC9,5.64,-4.05,828.0,0.857,23.66,74.62,15.14,1.9,1.8999999999999997,1.59,0.29,0.5999999999999996,✅ OK
MPhS-C2,CCCCCCCCC(CCCCCC)CSc1cccc(-c2c3sc4cc(-c5ccc(-c6ccc(/C=C7/SC(=S)N(CC)C7=O)s6)s5)sc4c3c(-c3cccc(SCC(CCCCCC)CCCCCCCC)c3)c3sc4cc(-c5ccc(-c6ccc(/C=C7/SC(=S)N(CC)C7=O)s6)s5)sc4c23)c1,5.35,-3.45,522.0,BTP-eC9,5.64,-4.05,828.0,0.854,23.63,74.44,15.03,2.0,1.8999999999999997,1.59,0.29,0.5999999999999996,✅ OK
BSTR-h,CCCCCCc1cc(-c2cc3c(-c4ccc(SCC(CC)CCCC)s4)c4sc(-c5cc(CCCCCC)c(-c6cc(CCCCCC)c(-c7ccc(/C=C8/SC(=S)N(C(CC)CCCC)C8=O)s7)s6)s5)cc4c(-c4ccc(SCC(CC)CCCC)s4)c3s2)sc1-c1cc(CCCCCC)c(-c2ccc(/C=C3/SC(=S)N(C(CC)CCCC)C3=O)s2)s1,5.31,-3.53,579.0,N3,5.64,-4.08,751.0,0.782,25.18,70.08,13.8,1.0,1.7799999999999998,1.5599999999999996,0.33,0.5500000000000003,✅ OK
BSTR-f,CCCCCCc1cc(-c2cc3c(-c4cc(F)c(SCC(CC)CCCC)s4)c4sc(-c5cc(CCCCCC)c(-c6cc(CCCCCC)c(-c7ccc(/C=C8/SC(=S)N(C(CC)CCCC)C8=O)s7)s6)s5)cc4c(-c4cc(F)c(SCC(CC)CCCC)s4)c3s2)sc1-c1cc(CCCCCC)c(-c2ccc(/C=C3/SC(=S)N(C(CC)CCCC)C3=O)s2)s1,5.44,-3.56,575.0,N3,5.64,-4.08,751.0,0.835,24.89,76.64,15.93,1.0,1.8800000000000003,1.5599999999999996,0.1999999999999993,0.52,✅ OK
BSTR-cl,CCCCCCc1cc(-c2cc3c(-c4cc(Cl)c(SCC(CC)CCCC)s4)c4sc(-c5cc(CCCCCC)c(-c6cc(CCCCCC)c(-c7ccc(/C=C8/SC(=S)N(C(CC)CCCC)C8=O)s7)s6)s5)cc4c(-c4cc(Cl)c(SCC(CC)CCCC)s4)c3s2)sc1-c1cc(CCCCCC)c(-c2ccc(/C=C3/SC(=S)N(C(CC)CCCC)C3=O)s2)s1,5.45,-3.54,574.0,N3,5.64,-4.08,751.0,0.833,25.05,74.71,15.59,1.0,1.91,1.5599999999999996,0.1899999999999995,0.54,✅ OK
BSTR-br,CCCCCCc1cc(-c2cc3c(-c4cc(Br)c(SCC(CC)CCCC)s4)c4sc(-c5cc(CCCCCC)c(-c6cc(CCCCCC)c(-c7ccc(/C=C8/SC(=S)N(C(CC)CCCC)C8=O)s7)s6)s5)cc4c(-c4cc(Br)c(SCC(CC)CCCC)s4)c3s2)sc1-c1cc(CCCCCC)c(-c2ccc(/C=C3/SC(=S)N(C(CC)CCCC)C3=O)s2)s1,5.53,-3.53,572.0,N3,5.64,-4.08,751.0,0.827,22.84,72.0,13.6,1.0,2.0000000000000004,1.5599999999999996,0.1099999999999994,0.5500000000000003,✅ OK
MPhS-C2,CCCCCCCCC(CCCCCC)CSc1cccc(-c2c3sc4cc(-c5ccc(-c6ccc(/C=C7/SC(=S)N(CC)C7=O)s6)s5)sc4c3c(-c3cccc(SCC(CCCCCC)CCCCCCCC)c3)c3sc4cc(-c5ccc(-c6ccc(/C=C7/SC(=S)N(CC)C7=O)s6)s5)sc4c23)c1,5.35,-3.45,589.0,L8-S9,5.73,-3.66,831.0,0.894,25.37,73.14,16.59,1.7,1.8999999999999997,2.0700000000000003,0.3800000000000008,0.2099999999999999,✅ OK
MPhS-C2,CCCCCCCCC(CCCCCC)CSc1cccc(-c2c3sc4cc(-c5ccc(-c6ccc(/C=C7/SC(=S)N(CC)C7=O)s6)s5)sc4c3c(-c3cccc(SCC(CCCCCC)CCCCCCCC)c3)c3sc4cc(-c5ccc(-c6ccc(/C=C7/SC(=S)N(CC)C7=O)s6)s5)sc4c23)c1,5.35,-3.45,589.0,L8-BO,5.76,-3.88,796.0,0.875,25.69,70.72,15.9,0.85,1.8999999999999997,1.88,0.4100000000000001,0.4299999999999997,✅ OK
B3TR,CCCCCCc1cc(-c2cc3c(-c4ccc(CC(CC)CCCC)s4)c4sc(-c5cc(CCCCCC)c(-c6cc(CCCCCC)c(-c7ccc(/C=C8/SC(=S)N(CC)C8=O)s7)s6)s5)cc4c(-c4ccc(CC(CC)CCCC)s4)c3s2)sc1-c1cc(CCCCCC)c(-c2ccc(/C=C3/SC(=S)N(CC)C3=O)s2)s1,5.22,-3.67,588.0,BTP-eC9,5.64,-4.05,828.0,0.809,25.5,72.0,14.8,1.0,1.5499999999999998,1.59,0.4199999999999999,0.3799999999999999,✅ OK
B3TR,CCCCCCc1cc(-c2cc3c(-c4ccc(CC(CC)CCCC)s4)c4sc(-c5cc(CCCCCC)c(-c6cc(CCCCCC)c(-c7ccc(/C=C8/SC(=S)N(CC)C8=O)s7)s6)s5)cc4c(-c4ccc(CC(CC)CCCC)s4)c3s2)sc1-c1cc(CCCCCC)c(-c2ccc(/C=C3/SC(=S)N(CC)C3=O)s2)s1,5.22,-3.67,588.0,BTP-eC9,5.64,-4.05,828.0,0.808,24.9,0.683,13.8,1.0,1.5499999999999998,1.59,0.4199999999999999,0.3799999999999999,✅ OK
B3TR,CCCCCCc1cc(-c2cc3c(-c4ccc(CC(CC)CCCC)s4)c4sc(-c5cc(CCCCCC)c(-c6cc(CCCCCC)c(-c7ccc(/C=C8/SC(=S)N(CC)C8=O)s7)s6)s5)cc4c(-c4ccc(CC(CC)CCCC)s4)c3s2)sc1-c1cc(CCCCCC)c(-c2ccc(/C=C3/SC(=S)N(CC)C3=O)s2)s1,5.22,-3.67,588.0,BTP-eC9,5.64,-4.05,828.0,0.802,24.6,0.676,13.4,1.0,1.5499999999999998,1.59,0.4199999999999999,0.3799999999999999,✅ OK
B2,CCCCCCc1cc(-c2cc3c(-c4ccc(CC(CC)CCCC)s4)c4sc(-c5cc6c(-c7ccc(CC(CC)CCCC)s7)c7sc(-c8cc(CCCCCC)c(-c9ccc(/C=C%10/SC(=S)N(CC)C%10=O)s9)s8)cc7c(-c7ccc(CC(CC)CCCC)s7)c6s5)cc4c(-c4ccc(CC(CC)CCCC)s4)c3s2)sc1-c1ccc(/C=C2/SC(=S)N(CC)C2=O)s1,5.23,-3.67,609.0,BTP-eC9,5.64,-4.05,828.0,0.861,26.2,75.8,17.1,1.0,1.5600000000000005,1.59,0.4099999999999992,0.3799999999999999,✅ OK
B2,CCCCCCc1cc(-c2cc3c(-c4ccc(CC(CC)CCCC)s4)c4sc(-c5cc6c(-c7ccc(CC(CC)CCCC)s7)c7sc(-c8cc(CCCCCC)c(-c9ccc(/C=C%10/SC(=S)N(CC)C%10=O)s9)s8)cc7c(-c7ccc(CC(CC)CCCC)s7)c6s5)cc4c(-c4ccc(CC(CC)CCCC)s4)c3s2)sc1-c1ccc(/C=C2/SC(=S)N(CC)C2=O)s1,5.23,-3.67,609.0,BTP-eC9,5.64,-4.05,828.0,0.857,26.1,72.7,16.1,1.0,1.5600000000000005,1.59,0.4099999999999992,0.3799999999999999,✅ OK
B2,CCCCCCc1cc(-c2cc3c(-c4ccc(CC(CC)CCCC)s4)c4sc(-c5cc6c(-c7ccc(CC(CC)CCCC)s7)c7sc(-c8cc(CCCCCC)c(-c9ccc(/C=C%10/SC(=S)N(CC)C%10=O)s9)s8)cc7c(-c7ccc(CC(CC)CCCC)s7)c6s5)cc4c(-c4ccc(CC(CC)CCCC)s4)c3s2)sc1-c1ccc(/C=C2/SC(=S)N(CC)C2=O)s1,5.23,-3.67,609.0,BTP-eC9,5.64,-4.05,828.0,0.861,25.8,66.9,14.9,1.0,1.5600000000000005,1.59,0.4099999999999992,0.3799999999999999,✅ OK
CA-CO,CCN(CC)c1ccc2cc(C(=O)/C=C/c3c4ccccc4cc4ccccc34)c(=O)oc2c1,5.55,-3.59,476.0,Y6,5.7,-4.08,833.0,0.84,20.98,69.0,12.27,0.8333,1.96,1.62,0.1500000000000003,0.4900000000000002,✅ OK
CA-CO,CCN(CC)c1ccc2cc(C(=O)/C=C/c3c4ccccc4cc4ccccc34)c(=O)oc2c1,5.55,-3.59,476.0,DBTBT-IC,5.77,-3.88,660.0,0.97,14.92,64.0,9.41,0.8333,1.96,1.89,0.2199999999999997,0.29,✅ OK
BTR-Cl,CCCCCCc1cc(-c2cc3c(-c4cc(Cl)c(CC(CC)CCCC)s4)c4sc(-c5cc(CCCCCC)c(-c6cc(CCCCCC)c(-c7ccc(/C=C8\SC(=S)N(CCCCCC)C8=O)s7)s6)s5)cc4c(-c4cc(Cl)c(CC(CC)CCCC)s4)c3s2)sc1-c1cc(CCCCCC)c(-c2ccc(/C=C3\SC(=S)N(CCCCCC)C3=O)s2)s1,5.46,-3.7,580.0,Y6,5.65,-4.1,836.0,0.83,23.66,74.7,14.7,1.6,1.7599999999999998,1.5500000000000007,0.1900000000000004,0.3999999999999994,✅ OK
B1,CCCCCCc1cc(-c2cc3c(-c4ccc(SCC(CC)CCCC)cc4)c4sc(-c5cc(CCCCCC)c(-c6cc(CCCCCC)c(-c7ccc(/C=C8\SC(=S)N(CCCC)C8=O)s7)s6)s5)cc4c(-c4ccc(SCC(CC)CCCC)cc4)c3s2)sc1-c1cc(CCCCCC)c(-c2ccc(/C=C3\SC(=S)N(CCCC)C3=O)s2)s1,5.1,-3.51,626.0,BO-4Cl,5.66,-4.09,822.0,0.83,25.27,73.0,15.3,1.0,1.59,1.5700000000000005,0.5600000000000005,0.5800000000000001,✅ OK
B1,CCCCCCc1cc(-c2cc3c(-c4ccc(SCC(CC)CCCC)cc4)c4sc(-c5cc(CCCCCC)c(-c6cc(CCCCCC)c(-c7ccc(/C=C8\SC(=S)N(CCCC)C8=O)s7)s6)s5)cc4c(-c4ccc(SCC(CC)CCCC)cc4)c3s2)sc1-c1cc(CCCCCC)c(-c2ccc(/C=C3\SC(=S)N(CCCC)C3=O)s2)s1,5.1,-3.51,626.0,BO-4Cl,5.66,-4.09,822.0,0.82,24.34,75.0,15.0,1.0,1.59,1.5700000000000005,0.5600000000000005,0.5800000000000001,✅ OK
BTR,CCCCCCc1cc(-c2c3cc(-c4cc(CCCCCC)c(-c5cc(CCCCCC)c(-c6ccc(/C=C7\SC(=S)N(CCCCCC)C7=O)s6)s5)s4)sc3c(-c3cc(CCCCCC)c(CC(CC)CCCC)s3)c3cc(-c4cc(CCCCCC)c(-c5cc(CCCCCC)c(-c6ccc(/C=C7\SC(=S)N(CCCCCC)C7=O)s6)s5)s4)sc23)sc1CC(CC)CCCC,5.34,-3.52,620.0,BO-4Cl,5.66,-4.09,822.0,0.83,18.67,67.0,10.4,1.0,1.82,1.5700000000000005,0.3200000000000003,0.5699999999999998,✅ OK
BTR,CCCCCCc1cc(-c2c3cc(-c4cc(CCCCCC)c(-c5cc(CCCCCC)c(-c6ccc(/C=C7\SC(=S)N(CCCCCC)C7=O)s6)s5)s4)sc3c(-c3cc(CCCCCC)c(CC(CC)CCCC)s3)c3cc(-c4cc(CCCCCC)c(-c5cc(CCCCCC)c(-c6ccc(/C=C7\SC(=S)N(CCCCCC)C7=O)s6)s5)s4)sc23)sc1CC(CC)CCCC,5.34,-3.52,620.0,BO-4Cl,5.66,-4.09,822.0,0.83,18.93,72.0,11.3,1.0,1.82,1.5700000000000005,0.3200000000000003,0.5699999999999998,✅ OK
BM-Cl,CCCCCCc1cc(-c2cc3c(-c4cccc(SCC(CC)CCCC)c4)c4sc(-c5cc(CCCCCC)c(-c6cc(CCCCCC)c(-c7sc(/C=C8\SC(=S)N(CCCCC)C8=O)cc7Cl)s6)s5)cc4c(-c4cccc(SCC(CC)CCCC)c4)c3s2)sc1-c1cc(CCCCCC)c(-c2sc(/C=C3\SC(=S)N(CCCCC)C3=O)cc2Cl)s1,4.98,-3.06,584.0,BO-4Cl,5.6,-4.16,833.0,0.806,26.23,72.9,15.4,1.0,1.9200000000000004,1.4399999999999995,0.6199999999999992,1.1,✅ OK
BM-ClEH,CCCCCCc1cc(-c2cc3c(-c4cccc(SCC(CC)CCCC)c4)c4sc(-c5cc(CCCCCC)c(-c6cc(CCCCCC)c(-c7sc(/C=C8\SC(=S)N(C(CC)CCCC)C8=O)cc7Cl)s6)s5)cc4c(-c4cccc(SCC(CC)CCCC)c4)c3s2)sc1-c1cc(CCCCCC)c(-c2sc(/C=C3\SC(=S)N(C(CC)CCCC)C3=O)cc2Cl)s1,5.06,-3.2,569.0,BO-4Cl,5.57,-4.14,835.0,0.835,22.26,73.6,13.7,1.0,1.8599999999999997,1.4300000000000006,0.5100000000000007,0.9399999999999996,✅ OK
BM-ClEH,CCCCCCc1cc(-c2cc3c(-c4cccc(SCC(CC)CCCC)c4)c4sc(-c5cc(CCCCCC)c(-c6cc(CCCCCC)c(-c7sc(/C=C8\SC(=S)N(C(CC)CCCC)C8=O)cc7Cl)s6)s5)cc4c(-c4cccc(SCC(CC)CCCC)c4)c3s2)sc1-c1cc(CCCCCC)c(-c2sc(/C=C3\SC(=S)N(C(CC)CCCC)C3=O)cc2Cl)s1,5.06,-3.2,569.0,BO-4Cl,5.57,-4.14,835.0,0.846,24.38,72.7,15.0,1.0,1.8599999999999997,1.4300000000000006,0.5100000000000007,0.9399999999999996,✅ OK
BDTT-TR,CCCCCCCCc1cc(/C=C2\SC(=S)N(CC)C2=O)sc1-c1ccc(-c2sc(-c3cc4c(-c5ccc(CC(CC)CCCC)s5)c5sc(-c6cc(CCCCCCCC)c(-c7ccc(-c8sc(/C=C9\SC(=S)N(CC)C9=O)cc8CCCCCCCC)s7)s6)cc5c(-c5ccc(CC(CC)CCCC)s5)c4s3)cc2CCCCCCCC)s1,5.17,-3.43,708.0,Y6,5.7,-4.08,833.0,0.784,20.56,47.74,7.7,1.0,1.7399999999999998,1.62,0.5300000000000002,0.6499999999999999,✅ OK
BDTT-TR,CCCCCCCCc1cc(/C=C2\SC(=S)N(CC)C2=O)sc1-c1ccc(-c2sc(-c3cc4c(-c5ccc(CC(CC)CCCC)s5)c5sc(-c6cc(CCCCCCCC)c(-c7ccc(-c8sc(/C=C9\SC(=S)N(CC)C9=O)cc8CCCCCCCC)s7)s6)cc5c(-c5ccc(CC(CC)CCCC)s5)c4s3)cc2CCCCCCCC)s1,5.17,-3.43,708.0,Y6,5.7,-4.08,833.0,0.793,23.4,54.57,10.12,1.2,1.7399999999999998,1.62,0.5300000000000002,0.6499999999999999,✅ OK
BDTT-TR,CCCCCCCCc1cc(/C=C2\SC(=S)N(CC)C2=O)sc1-c1ccc(-c2sc(-c3cc4c(-c5ccc(CC(CC)CCCC)s5)c5sc(-c6cc(CCCCCCCC)c(-c7ccc(-c8sc(/C=C9\SC(=S)N(CC)C9=O)cc8CCCCCCCC)s7)s6)cc5c(-c5ccc(CC(CC)CCCC)s5)c4s3)cc2CCCCCCCC)s1,5.17,-3.43,708.0,Y6,5.7,-4.08,833.0,0.786,23.57,58.57,10.92,1.4,1.7399999999999998,1.62,0.5300000000000002,0.6499999999999999,✅ OK
BDTT-TR,CCCCCCCCc1cc(/C=C2\SC(=S)N(CC)C2=O)sc1-c1ccc(-c2sc(-c3cc4c(-c5ccc(CC(CC)CCCC)s5)c5sc(-c6cc(CCCCCCCC)c(-c7ccc(-c8sc(/C=C9\SC(=S)N(CC)C9=O)cc8CCCCCCCC)s7)s6)cc5c(-c5ccc(CC(CC)CCCC)s5)c4s3)cc2CCCCCCCC)s1,5.17,-3.43,708.0,Y6,5.7,-4.08,833.0,0.78,22.45,58.94,11.18,1.6,1.7399999999999998,1.62,0.5300000000000002,0.6499999999999999,✅ OK
BDTT-TR,CCCCCCCCc1cc(/C=C2\SC(=S)N(CC)C2=O)sc1-c1ccc(-c2sc(-c3cc4c(-c5ccc(CC(CC)CCCC)s5)c5sc(-c6cc(CCCCCCCC)c(-c7ccc(-c8sc(/C=C9\SC(=S)N(CC)C9=O)cc8CCCCCCCC)s7)s6)cc5c(-c5ccc(CC(CC)CCCC)s5)c4s3)cc2CCCCCCCC)s1,5.17,-3.43,708.0,Y6,5.7,-4.08,833.0,0.78,23.64,66.06,12.18,1.8,1.7399999999999998,1.62,0.5300000000000002,0.6499999999999999,✅ OK
BDTT-TR,CCCCCCCCc1cc(/C=C2\SC(=S)N(CC)C2=O)sc1-c1ccc(-c2sc(-c3cc4c(-c5ccc(CC(CC)CCCC)s5)c5sc(-c6cc(CCCCCCCC)c(-c7ccc(-c8sc(/C=C9\SC(=S)N(CC)C9=O)cc8CCCCCCCC)s7)s6)cc5c(-c5ccc(CC(CC)CCCC)s5)c4s3)cc2CCCCCCCC)s1,5.17,-3.43,708.0,Y6,5.7,-4.08,833.0,0.785,23.52,64.51,11.92,2.0,1.7399999999999998,1.62,0.5300000000000002,0.6499999999999999,✅ OK
TBFT-TR,CCCCCCCCc1cc(/C=C2\SC(=S)N(CC)C2=O)sc1-c1ccc(-c2sc(-c3cc4c(-c5ccc(CC(CC)CCCC)s5)c5sc(-c6cc(CCCCCCCC)c(-c7ccc(-c8sc(/C=C9\SC(=S)N(CC)C9=O)cc8CCCCCCCC)s7)s6)cc5c(-c5ccc(CC(CC)CCCC)s5)c4o3)cc2CCCCCCCC)s1,5.16,-3.46,727.0,Y6,5.7,-4.08,833.0,0.785,22.69,48.92,8.71,1.0,1.7000000000000002,1.62,0.54,0.6200000000000001,✅ OK
TBFT-TR,CCCCCCCCc1cc(/C=C2\SC(=S)N(CC)C2=O)sc1-c1ccc(-c2sc(-c3cc4c(-c5ccc(CC(CC)CCCC)s5)c5sc(-c6cc(CCCCCCCC)c(-c7ccc(-c8sc(/C=C9\SC(=S)N(CC)C9=O)cc8CCCCCCCC)s7)s6)cc5c(-c5ccc(CC(CC)CCCC)s5)c4o3)cc2CCCCCCCC)s1,5.16,-3.46,727.0,Y6,5.7,-4.08,833.0,0.779,23.52,59.29,10.86,1.2,1.7000000000000002,1.62,0.54,0.6200000000000001,✅ OK
TBFT-TR,CCCCCCCCc1cc(/C=C2\SC(=S)N(CC)C2=O)sc1-c1ccc(-c2sc(-c3cc4c(-c5ccc(CC(CC)CCCC)s5)c5sc(-c6cc(CCCCCCCC)c(-c7ccc(-c8sc(/C=C9\SC(=S)N(CC)C9=O)cc8CCCCCCCC)s7)s6)cc5c(-c5ccc(CC(CC)CCCC)s5)c4o3)cc2CCCCCCCC)s1,5.16,-3.46,727.0,Y6,5.7,-4.08,833.0,0.78,23.59,64.4,11.85,1.4,1.7000000000000002,1.62,0.54,0.6200000000000001,✅ OK
TBFT-TR,CCCCCCCCc1cc(/C=C2\SC(=S)N(CC)C2=O)sc1-c1ccc(-c2sc(-c3cc4c(-c5ccc(CC(CC)CCCC)s5)c5sc(-c6cc(CCCCCCCC)c(-c7ccc(-c8sc(/C=C9\SC(=S)N(CC)C9=O)cc8CCCCCCCC)s7)s6)cc5c(-c5ccc(CC(CC)CCCC)s5)c4o3)cc2CCCCCCCC)s1,5.16,-3.46,727.0,Y6,5.7,-4.08,833.0,0.784,24.32,67.27,12.83,1.6,1.7000000000000002,1.62,0.54,0.6200000000000001,✅ OK
TBFT-TR,CCCCCCCCc1cc(/C=C2\SC(=S)N(CC)C2=O)sc1-c1ccc(-c2sc(-c3cc4c(-c5ccc(CC(CC)CCCC)s5)c5sc(-c6cc(CCCCCCCC)c(-c7ccc(-c8sc(/C=C9\SC(=S)N(CC)C9=O)cc8CCCCCCCC)s7)s6)cc5c(-c5ccc(CC(CC)CCCC)s5)c4o3)cc2CCCCCCCC)s1,5.16,-3.46,727.0,Y6,5.7,-4.08,833.0,0.784,24.59,72.78,14.03,1.8,1.7000000000000002,1.62,0.54,0.6200000000000001,✅ OK
TBFT-TR,CCCCCCCCc1cc(/C=C2\SC(=S)N(CC)C2=O)sc1-c1ccc(-c2sc(-c3cc4c(-c5ccc(CC(CC)CCCC)s5)c5sc(-c6cc(CCCCCCCC)c(-c7ccc(-c8sc(/C=C9\SC(=S)N(CC)C9=O)cc8CCCCCCCC)s7)s6)cc5c(-c5ccc(CC(CC)CCCC)s5)c4o3)cc2CCCCCCCC)s1,5.16,-3.46,727.0,Y6,5.7,-4.08,833.0,0.785,24.21,69.15,13.14,2.0,1.7000000000000002,1.62,0.54,0.6200000000000001,✅ OK
TBFT-TR,CCCCCCCCc1cc(/C=C2\SC(=S)N(CC)C2=O)sc1-c1ccc(-c2sc(-c3cc4c(-c5ccc(CC(CC)CCCC)s5)c5sc(-c6cc(CCCCCCCC)c(-c7ccc(-c8sc(/C=C9\SC(=S)N(CC)C9=O)cc8CCCCCCCC)s7)s6)cc5c(-c5ccc(CC(CC)CCCC)s5)c4o3)cc2CCCCCCCC)s1,5.16,-3.46,727.0,N3,5.64,-4.08,751.0,0.774,24.5,72.57,13.76,1.8,1.7000000000000002,1.5599999999999996,0.4799999999999995,0.6200000000000001,✅ OK
BSCl-C1,CCCCCCc1cc(/C=C2\SC(=O)N(C(CC)CCCC)C2=O)sc1-c1cc2sc(-c3cc4c(-c5cc(Cl)c(SCC(CC)CCCC)s5)c5sc(-c6sc7cc(-c8sc(/C=C9\SC(=O)N(C(CC)CCCC)C9=O)cc8CCCCCC)sc7c6CCCCCC)cc5c(-c5cc(Cl)c(SCC(CC)CCCC)s5)c4s3)c(CCCCCC)c2s1,5.59,-3.34,664.6,IDIC-4Cl,5.88,-3.98,755.8,0.564,4.7,33.9,0.9,1.5,2.25,1.9,0.29,0.6400000000000001,✅ OK
BSCl-C2,CCCCCCc1cc(/C=C2\SC(=O)N(CC(CC)CCCC)C2=O)sc1-c1cc2sc(-c3cc4c(-c5cc(Cl)c(SCC(CC)CCCC)s5)c5sc(-c6sc7cc(-c8sc(/C=C9\SC(=O)N(CC(CC)CCCC)C9=O)cc8CCCCCC)sc7c6CCCCCC)cc5c(-c5cc(Cl)c(SCC(CC)CCCC)s5)c4s3)c(CCCCCC)c2s1,5.58,-3.39,680.7,IDIC-4Cl,5.88,-3.98,755.8,0.865,20.1,71.3,12.4,1.5,2.19,1.9,0.2999999999999998,0.5899999999999999,✅ OK
BSCl-C3,CCCCCCc1cc(/C=C2\SC(=O)N(CCC(CC)CCCC)C2=O)sc1-c1cc2sc(-c3cc4c(-c5cc(Cl)c(SCC(CC)CCCC)s5)c5sc(-c6sc7cc(-c8sc(/C=C9\SC(=O)N(CCC(CC)CCCC)C9=O)cc8CCCCCC)sc7c6CCCCCC)cc5c(-c5cc(Cl)c(SCC(CC)CCCC)s5)c4s3)c(CCCCCC)c2s1,5.55,-3.37,675.4,IDIC-4Cl,5.88,-3.98,755.8,0.87,14.2,67.0,8.25,1.5,2.18,1.9,0.33,0.6099999999999999,✅ OK
ZR1,CCCCCCCCc1cc(-c2cc3sc4c(-c5ccc(CC(CCCC)CCCCCC)s5)c5c(sc6cc(-c7cc(CCCCCCCC)c(-c8ccc(/C=C9/SC(=S)N(CCCCCC)C9=O)s8)s7)sc65)c(-c5ccc(CCC(CCCC)CCCCCC)s5)c4c3s2)sc1-c1ccc(/C=C2/SC(=S)N(CCCCCC)C2=O)s1,5.32,-3.35,620.0,Y6,5.72,-4.1,820.0,0.855,20.56,67.07,11.8,2.5,1.97,1.62,0.3999999999999994,0.7499999999999996,✅ OK
ZR1,CCCCCCCCc1cc(-c2cc3sc4c(-c5ccc(CC(CCCC)CCCCCC)s5)c5c(sc6cc(-c7cc(CCCCCCCC)c(-c8ccc(/C=C9/SC(=S)N(CCCCCC)C9=O)s8)s7)sc65)c(-c5ccc(CCC(CCCC)CCCCCC)s5)c4c3s2)sc1-c1ccc(/C=C2/SC(=S)N(CCCCCC)C2=O)s1,5.32,-3.35,620.0,Y6,5.72,-4.1,820.0,0.861,24.34,68.44,14.34,2.0,1.97,1.62,0.3999999999999994,0.7499999999999996,✅ OK
ZR1,CCCCCCCCc1cc(-c2cc3sc4c(-c5ccc(CC(CCCC)CCCCCC)s5)c5c(sc6cc(-c7cc(CCCCCCCC)c(-c8ccc(/C=C9/SC(=S)N(CCCCCC)C9=O)s8)s7)sc65)c(-c5ccc(CCC(CCCC)CCCCCC)s5)c4c3s2)sc1-c1ccc(/C=C2/SC(=S)N(CCCCCC)C2=O)s1,5.32,-3.35,620.0,Y6,5.72,-4.1,820.0,0.869,21.18,62.24,11.46,0.1667,1.97,1.62,0.3999999999999994,0.7499999999999996,✅ OK
ZR1,CCCCCCCCc1cc(-c2cc3sc4c(-c5ccc(CC(CCCC)CCCCCC)s5)c5c(sc6cc(-c7cc(CCCCCCCC)c(-c8ccc(/C=C9/SC(=S)N(CCCCCC)C9=O)s8)s7)sc65)c(-c5ccc(CCC(CCCC)CCCCCC)s5)c4c3s2)sc1-c1ccc(/C=C2/SC(=S)N(CCCCCC)C2=O)s1,5.32,-3.35,620.0,IDIC-4Cl,5.91,-4.1,756.0,0.789,17.14,66.37,9.08,2.5,1.97,1.8100000000000005,0.5899999999999999,0.7499999999999996,✅ OK
ZR1,CCCCCCCCc1cc(-c2cc3sc4c(-c5ccc(CC(CCCC)CCCCCC)s5)c5c(sc6cc(-c7cc(CCCCCCCC)c(-c8ccc(/C=C9/SC(=S)N(CCCCCC)C9=O)s8)s7)sc65)c(-c5ccc(CCC(CCCC)CCCCCC)s5)c4c3s2)sc1-c1ccc(/C=C2/SC(=S)N(CCCCCC)C2=O)s1,5.32,-3.35,620.0,IDIC-4Cl,5.91,-4.1,756.0,0.776,18.27,67.96,9.64,2.0,1.97,1.8100000000000005,0.5899999999999999,0.7499999999999996,✅ OK
ZR1,CCCCCCCCc1cc(-c2cc3sc4c(-c5ccc(CC(CCCC)CCCCCC)s5)c5c(sc6cc(-c7cc(CCCCCCCC)c(-c8ccc(/C=C9/SC(=S)N(CCCCCC)C9=O)s8)s7)sc65)c(-c5ccc(CCC(CCCC)CCCCCC)s5)c4c3s2)sc1-c1ccc(/C=C2/SC(=S)N(CCCCCC)C2=O)s1,5.32,-3.35,620.0,IDIC-4Cl,5.91,-4.1,756.0,0.785,17.53,66.03,9.2,0.1667,1.97,1.8100000000000005,0.5899999999999999,0.7499999999999996,✅ OK
DCAO3TBDTT,CCCCCCCCc1cc(/C=C(\C#N)C(=O)OCC(CC)CCCC)sc1-c1ccc(-c2sc(-c3cc4c(-c5ccc(SCC(CC)CCCC)s5)c5sc(-c6cc(CCCCCCCC)c(-c7ccc(-c8sc(/C=C(\C#N)C(=O)OCC(CC)CCCC)cc8CCCCCCCC)s7)s6)cc5c(-c5ccc(SCC(CC)CCCC)s5)c4s3)cc2CCCCCCCC)s1,5.37,-3.38,567.0,Y6,5.65,-4.1,833.0,0.804,21.71,60.95,10.64,2.0,1.99,1.5500000000000007,0.2800000000000002,0.7199999999999998,✅ OK
BTEC-1F,CCCCCCCCc1cc(/C=C(\C#N)C(=O)OCC(CC)CCC)sc1-c1ccc(-c2sc(-c3cc4c(-c5cc(F)c(SCC(CC)CCCC)s5)c5sc(-c6cc(CCCCCCCC)c(-c7ccc(-c8sc(/C=C(\C#N)C(=O)OCC(CC)CCCC)cc8CCCCCCCC)s7)s6)cc5c(-c5cc(F)c(SCC(CC)CCCC)s5)c4s3)cc2CCCCCCCC)s1,5.39,-3.37,561.0,Y6,5.65,-4.1,833.0,0.87,21.21,61.35,11.33,2.0,2.02,1.5500000000000007,0.2600000000000007,0.7299999999999995,✅ OK
BTEC-2F,CCCCCCCCc1cc(/C=C(\C#N)C(=O)OCC(CC)CCCC)sc1-c1ccc(-c2sc(-c3cc4c(-c5sc(SCC(CC)CCCC)c(F)c5F)c5sc(-c6cc(CCCCCCCC)c(-c7ccc(-c8sc(/C=C(\C#N)C(=O)OCC(CC)CCCC)cc8CCCCCCCC)s7)s6)cc5c(-c5sc(SCC(CC)CCCC)c(F)c5F)c4s3)cc2CCCCCCCC)s1,5.39,-3.38,561.0,Y6,5.65,-4.1,833.0,0.854,21.55,72.35,13.34,2.0,2.01,1.5500000000000007,0.2600000000000007,0.7199999999999998,✅ OK
BT-2F,CCCCCCc1cc(-c2cc3c(-c4sc(SCC(CC)CCCC)c(F)c4F)c4sc(-c5cc(CCCCCC)c(-c6cc(CCCCCC)c(-c7ccc(/C=C(\C#N)C(=O)OCC(CC)CCCC)s7)s6)s5)cc4c(-c4sc(SCC(CC)CCCC)c(F)c4F)c3s2)sc1-c1cc(CCCCCC)c(-c2ccc(/C=C(\C#N)C(=O)OCC(CC)CCCC)s2)s1,5.4,-4.4,554.0,Y6,5.65,-4.1,833.0,0.853,22.38,72.27,13.8,1.0,1.0,1.5500000000000007,0.25,0.3000000000000007,✅ OK
SM1-F,CCCCCCCCc1cc(/C=C(\C#N)C(=O)OCC(CC)CCCC)sc1-c1ccc(-c2sc(-c3cc4c(-c5cc(F)c(C(CC)CCCC)s5)c5sc(-c6cc(CCCCCCCC)c(-c7ccc(-c8sc(/C=C(\C#N)C(=O)OCC(CC)CCCC)cc8CCCCCCCC)s7)s6)cc5c(-c5cc(F)c(CC(CC)CCCC)s5)c4s3)cc2CCCCCCCC)s1,5.37,-2.81,556.0,Y6,5.65,-4.1,833.0,0.866,23.25,69.9,14.07,2.2,2.56,1.5500000000000007,0.2800000000000002,1.2899999999999996,✅ OK
SM1,CCCCCCCCc1cc(/C=C(\C#N)C(=O)OCC(CC)CCCC)sc1-c1ccc(-c2sc(-c3cc4c(-c5ccc(C(CC)CCCC)s5)c5sc(-c6cc(CCCCCCCC)c(-c7ccc(-c8sc(/C=C(\C#N)C(=O)OCC(CC)CCCC)cc8CCCCCCCC)s7)s6)cc5c(-c5ccc(CC(CC)CCCC)s5)c4s3)cc2CCCCCCCC)s1,5.25,-2.78,567.0,Y6,5.65,-4.1,833.0,0.805,23.59,67.0,12.72,2.2,2.47,1.5500000000000007,0.4000000000000003,1.3199999999999998,✅ OK
SM1-S,CCCCCCCCc1cc(/C=C(\C#N)C(=O)OCC(CC)CCCC)sc1-c1ccc(-c2sc(-c3cc4c(-c5ccc(SCC(CC)CCCC)s5)c5sc(-c6cc(CCCCCCCC)c(-c7ccc(-c8sc(/C=C(\C#N)C(=O)OCC(CC)CCCC)cc8CCCCCCCC)s7)s6)cc5c(-c5ccc(SCC(CC)CCCC)s5)c4s3)cc2CCCCCCCC)s1,5.32,-2.81,562.0,Y6,5.65,-4.1,833.0,0.825,23.23,67.7,12.94,2.2,2.51,1.5500000000000007,0.33,1.2899999999999996,✅ OK
BTTzR,CCCCCCc1sc(-c2c3cc(-c4sc(-c5nc6sc(-c7cc(C(CC)CCCC)c(/C=C8\SC(=S)N(CCCC)C8=O)s7)nc6s5)cc4C(CC)CCCC)sc3c(-c3cc(C(CC)CCCC)c(CCCCCC)s3)c3cc(-c4sc(-c5nc6sc(-c7cc(C(CC)CCCC)c(/C=C8\SC(=S)N(CCCC)C8=O)s7)nc6s5)cc4C(CC)CCCC)sc23)cc1C(CC)CCCC,5.58,-3.59,575.0,Y6,5.65,-4.1,833.0,0.88,23.2,68.0,13.9,1.0,1.99,1.5500000000000007,0.0700000000000002,0.5099999999999998,✅ OK
S-BF,Cc1cc(-c2cc3c(-c4ccc(SCC(C)C)c(F)c4)c4sc(-c5cc(C)c(-c6cc(C)c(-c7ccc(/C=C8/SC(=S)N(C)C8=O)s7)s6)s5)cc4c(-c4ccc(SCC(C)C)c(F)c4)c3s2)sc1-c1cc(C)c(-c2ccc(/C=C3/SC(=S)N(C)C3=O)s2)s1,5.32,-2.8,624.0,L8-BO,5.69,-3.91,800.0,0.885,24.91,63.44,13.99,1.0,2.5200000000000005,1.7800000000000002,0.3700000000000001,1.1100000000000003,✅ OK
S-BF,Cc1cc(-c2cc3c(-c4ccc(SCC(C)C)c(F)c4)c4sc(-c5cc(C)c(-c6cc(C)c(-c7ccc(/C=C8/SC(=S)N(C)C8=O)s7)s6)s5)cc4c(-c4ccc(SCC(C)C)c(F)c4)c3s2)sc1-c1cc(C)c(-c2ccc(/C=C3/SC(=S)N(C)C3=O)s2)s1,5.32,-2.8,624.0,L8-BO,5.69,-3.91,800.0,0.86,23.61,70.48,14.31,1.2,2.5200000000000005,1.7800000000000002,0.3700000000000001,1.1100000000000003,✅ OK
S-BF,Cc1cc(-c2cc3c(-c4ccc(SCC(C)C)c(F)c4)c4sc(-c5cc(C)c(-c6cc(C)c(-c7ccc(/C=C8/SC(=S)N(C)C8=O)s7)s6)s5)cc4c(-c4ccc(SCC(C)C)c(F)c4)c3s2)sc1-c1cc(C)c(-c2ccc(/C=C3/SC(=S)N(C)C3=O)s2)s1,5.32,-2.8,624.0,L8-BO,5.69,-3.91,800.0,0.868,22.91,69.39,14.92,1.4,2.5200000000000005,1.7800000000000002,0.3700000000000001,1.1100000000000003,✅ OK
S-BF,Cc1cc(-c2cc3c(-c4ccc(SCC(C)C)c(F)c4)c4sc(-c5cc(C)c(-c6cc(C)c(-c7ccc(/C=C8/SC(=S)N(C)C8=O)s7)s6)s5)cc4c(-c4ccc(SCC(C)C)c(F)c4)c3s2)sc1-c1cc(C)c(-c2ccc(/C=C3/SC(=S)N(C)C3=O)s2)s1,5.32,-2.8,624.0,L8-BO,5.69,-3.91,800.0,0.863,21.44,73.23,13.23,1.6,2.5200000000000005,1.7800000000000002,0.3700000000000001,1.1100000000000003,✅ OK
S-TCp,Cc1cc(-c2cc3c(-c4cc(Cl)c(CCCCCCC5CCCC5)s4)c4sc(-c5cc(C)c(-c6cc(C)c(-c7ccc(/C=C8/SC(=S)N(C)C8=O)s7)s6)s5)cc4c(-c4cc(Cl)c(CCCCCCC5CCCC5)s4)c3s2)sc1-c1cc(C)c(-c2ccc(/C=C3/SC(=S)N(C)C3=O)s2)s1,5.27,-2.76,627.0,L8-BO,5.69,-3.91,800.0,0.856,25.48,66.41,14.5,1.0,2.51,1.7800000000000002,0.4200000000000008,1.1500000000000004,✅ OK
S-TCp,Cc1cc(-c2cc3c(-c4cc(Cl)c(CCCCCCC5CCCC5)s4)c4sc(-c5cc(C)c(-c6cc(C)c(-c7ccc(/C=C8/SC(=S)N(C)C8=O)s7)s6)s5)cc4c(-c4cc(Cl)c(CCCCCCC5CCCC5)s4)c3s2)sc1-c1cc(C)c(-c2ccc(/C=C3/SC(=S)N(C)C3=O)s2)s1,5.27,-2.76,627.0,L8-BO,5.69,-3.91,800.0,0.861,25.07,70.95,15.33,1.2,2.51,1.7800000000000002,0.4200000000000008,1.1500000000000004,✅ OK
S-TCp,Cc1cc(-c2cc3c(-c4cc(Cl)c(CCCCCCC5CCCC5)s4)c4sc(-c5cc(C)c(-c6cc(C)c(-c7ccc(/C=C8/SC(=S)N(C)C8=O)s7)s6)s5)cc4c(-c4cc(Cl)c(CCCCCCC5CCCC5)s4)c3s2)sc1-c1cc(C)c(-c2ccc(/C=C3/SC(=S)N(C)C3=O)s2)s1,5.27,-2.76,627.0,L8-BO,5.69,-3.91,800.0,0.87,24.59,73.83,15.77,1.4,2.51,1.7800000000000002,0.4200000000000008,1.1500000000000004,✅ OK
S-TCp,Cc1cc(-c2cc3c(-c4cc(Cl)c(CCCCCCC5CCCC5)s4)c4sc(-c5cc(C)c(-c6cc(C)c(-c7ccc(/C=C8/SC(=S)N(C)C8=O)s7)s6)s5)cc4c(-c4cc(Cl)c(CCCCCCC5CCCC5)s4)c3s2)sc1-c1cc(C)c(-c2ccc(/C=C3/SC(=S)N(C)C3=O)s2)s1,5.27,-2.76,627.0,L8-BO,5.69,-3.91,800.0,0.863,21.47,73.22,13.56,1.6,2.51,1.7800000000000002,0.4200000000000008,1.1500000000000004,✅ OK
As-TCp,Cc1cc(-c2cc3c(-c4cc(Cl)c(CCCCCCC5CCCC5)s4)c4sc(-c5cc(C)c(-c6cc(C)c(-c7ccc(/C=C8/SC(=S)N(C)C8=O)s7)s6)s5)cc4c(-c4ccc(SCC(C)C)c(F)c4)c3s2)sc1-c1cc(C)c(-c2ccc(/C=C3/SC(=S)N(C)C3=O)s2)s1,5.3,-2.78,626.0,L8-BO,5.69,-3.91,800.0,0.878,23.83,69.22,14.49,1.0,2.52,1.7800000000000002,0.3900000000000005,1.1300000000000003,✅ OK
As-TCp,Cc1cc(-c2cc3c(-c4cc(Cl)c(CCCCCCC5CCCC5)s4)c4sc(-c5cc(C)c(-c6cc(C)c(-c7ccc(/C=C8/SC(=S)N(C)C8=O)s7)s6)s5)cc4c(-c4ccc(SCC(C)C)c(F)c4)c3s2)sc1-c1cc(C)c(-c2ccc(/C=C3/SC(=S)N(C)C3=O)s2)s1,5.3,-2.78,626.0,L8-BO,5.69,-3.91,800.0,0.869,24.5,70.54,14.98,1.2,2.52,1.7800000000000002,0.3900000000000005,1.1300000000000003,✅ OK
As-TCp,Cc1cc(-c2cc3c(-c4cc(Cl)c(CCCCCCC5CCCC5)s4)c4sc(-c5cc(C)c(-c6cc(C)c(-c7ccc(/C=C8/SC(=S)N(C)C8=O)s7)s6)s5)cc4c(-c4ccc(SCC(C)C)c(F)c4)c3s2)sc1-c1cc(C)c(-c2ccc(/C=C3/SC(=S)N(C)C3=O)s2)s1,5.3,-2.78,626.0,L8-BO,5.69,-3.91,800.0,0.873,25.17,74.9,16.46,1.4,2.52,1.7800000000000002,0.3900000000000005,1.1300000000000003,✅ OK
As-TCp,Cc1cc(-c2cc3c(-c4cc(Cl)c(CCCCCCC5CCCC5)s4)c4sc(-c5cc(C)c(-c6cc(C)c(-c7ccc(/C=C8/SC(=S)N(C)C8=O)s7)s6)s5)cc4c(-c4ccc(SCC(C)C)c(F)c4)c3s2)sc1-c1cc(C)c(-c2ccc(/C=C3/SC(=S)N(C)C3=O)s2)s1,5.3,-2.78,626.0,L8-BO,5.69,-3.91,800.0,0.866,24.31,73.84,15.54,1.6,2.52,1.7800000000000002,0.3900000000000005,1.1300000000000003,✅ OK
SM-R,Cc1cc(-c2cc3c(-c4sc(SCC(C)C)c(F)c4F)c4sc(-c5cc(C)c(-c6cc(C)c(-c7ccc(/C=C8/SC(=S)N(C)C8=O)s7)s6)s5)cc4c(-c4sc(SCC(C)C)c(F)c4F)c3s2)sc1-c1cc(C)c(-c2ccc(/C=C3/SC(=S)N(C)C3=O)s2)s1,5.35,-3.57,578.0,N3,5.64,-4.08,751.0,0.84,22.84,58.78,11.32,0.6667,1.7799999999999998,1.5599999999999996,0.29,0.5100000000000002,✅ OK
SM-R,Cc1cc(-c2cc3c(-c4sc(SCC(C)C)c(F)c4F)c4sc(-c5cc(C)c(-c6cc(C)c(-c7ccc(/C=C8/SC(=S)N(C)C8=O)s7)s6)s5)cc4c(-c4sc(SCC(C)C)c(F)c4F)c3s2)sc1-c1cc(C)c(-c2ccc(/C=C3/SC(=S)N(C)C3=O)s2)s1,5.35,-3.57,578.0,N3,5.64,-4.08,751.0,0.86,24.64,66.2,14.0,1.0,1.7799999999999998,1.5599999999999996,0.29,0.5100000000000002,✅ OK
SM-R,Cc1cc(-c2cc3c(-c4sc(SCC(C)C)c(F)c4F)c4sc(-c5cc(C)c(-c6cc(C)c(-c7ccc(/C=C8/SC(=S)N(C)C8=O)s7)s6)s5)cc4c(-c4sc(SCC(C)C)c(F)c4F)c3s2)sc1-c1cc(C)c(-c2ccc(/C=C3/SC(=S)N(C)C3=O)s2)s1,5.35,-3.57,578.0,N3,5.64,-4.08,751.0,0.85,24.18,66.92,13.69,1.5,1.7799999999999998,1.5599999999999996,0.29,0.5100000000000002,✅ OK
SM-REH,Cc1cc(-c2cc3c(-c4sc(SCC(C)C)c(F)c4F)c4sc(-c5cc(C)c(-c6cc(C)c(-c7ccc(/C=C8/SC(=S)N(C(C)C)C8=O)s7)s6)s5)cc4c(-c4sc(SCC(C)C)c(F)c4F)c3s2)sc1-c1cc(C)c(-c2ccc(/C=C3/SC(=S)N(C(C)C)C3=O)s2)s1,5.4,-3.56,573.0,N3,5.64,-4.08,751.0,0.85,24.81,67.77,14.25,0.6667,1.8400000000000003,1.5599999999999996,0.2399999999999993,0.52,✅ OK
SM-REH,Cc1cc(-c2cc3c(-c4sc(SCC(C)C)c(F)c4F)c4sc(-c5cc(C)c(-c6cc(C)c(-c7ccc(/C=C8/SC(=S)N(C(C)C)C8=O)s7)s6)s5)cc4c(-c4sc(SCC(C)C)c(F)c4F)c3s2)sc1-c1cc(C)c(-c2ccc(/C=C3/SC(=S)N(C(C)C)C3=O)s2)s1,5.4,-3.56,573.0,N3,5.64,-4.08,751.0,0.85,25.42,72.4,15.6,1.0,1.8400000000000003,1.5599999999999996,0.2399999999999993,0.52,✅ OK
SM-REH,Cc1cc(-c2cc3c(-c4sc(SCC(C)C)c(F)c4F)c4sc(-c5cc(C)c(-c6cc(C)c(-c7ccc(/C=C8/SC(=S)N(C(C)C)C8=O)s7)s6)s5)cc4c(-c4sc(SCC(C)C)c(F)c4F)c3s2)sc1-c1cc(C)c(-c2ccc(/C=C3/SC(=S)N(C(C)C)C3=O)s2)s1,5.4,-3.56,573.0,N3,5.64,-4.08,751.0,0.85,25.03,69.46,14.71,1.5,1.8400000000000003,1.5599999999999996,0.2399999999999993,0.52,✅ OK
SM-EH-R,Cc1cc(-c2cc3c(-c4sc(SCC(C)C)c(F)c4F)c4sc(-c5cc(C)c(-c6cc(C(C)C)c(-c7ccc(/C=C8/SC(=S)N(C(C)C)C8=O)s7)s6)s5)cc4c(-c4sc(SCC(C)C)c(F)c4F)c3s2)sc1-c1cc(C(C)C)c(-c2ccc(/C=C3/SC(=S)N(C(C)C)C3=O)s2)s1,5.41,-3.57,570.0,N3,5.64,-4.08,751.0,0.86,20.82,63.08,11.29,0.6667,1.8400000000000003,1.5599999999999996,0.2299999999999995,0.5100000000000002,✅ OK
SM-EH-R,Cc1cc(-c2cc3c(-c4sc(SCC(C)C)c(F)c4F)c4sc(-c5cc(C)c(-c6cc(C(C)C)c(-c7ccc(/C=C8/SC(=S)N(C(C)C)C8=O)s7)s6)s5)cc4c(-c4sc(SCC(C)C)c(F)c4F)c3s2)sc1-c1cc(C(C)C)c(-c2ccc(/C=C3/SC(=S)N(C(C)C)C3=O)s2)s1,5.41,-3.57,570.0,N3,5.64,-4.08,751.0,0.85,23.73,71.3,14.4,1.0,1.8400000000000003,1.5599999999999996,0.2299999999999995,0.5100000000000002,✅ OK
SM-EH-R,Cc1cc(-c2cc3c(-c4sc(SCC(C)C)c(F)c4F)c4sc(-c5cc(C)c(-c6cc(C(C)C)c(-c7ccc(/C=C8/SC(=S)N(C(C)C)C8=O)s7)s6)s5)cc4c(-c4sc(SCC(C)C)c(F)c4F)c3s2)sc1-c1cc(C(C)C)c(-c2ccc(/C=C3/SC(=S)N(C(C)C)C3=O)s2)s1,5.41,-3.57,570.0,N3,5.64,-4.08,751.0,0.86,21.62,61.24,11.39,1.5,1.8400000000000003,1.5599999999999996,0.2299999999999995,0.5100000000000002,✅ OK
SM-EH-REH,CCCCCCc1cc(-c2cc3c(-c4sc(SCC(CC)CCCC)c(F)c4F)c4sc(-c5cc(CCCCCC)c(-c6cc(C(CC)CCCC)c(-c7ccc(/C=C8/SC(=S)N(CCCCCC)C8=O)s7)s6)s5)cc4c(-c4sc(SCC(CC)CCCC)c(F)c4F)c3s2)sc1-c1cc(C(CC)CCCC)c(-c2ccc(/C=C3/SC(=S)N(CCCCCC)C3=O)s2)s1,5.41,-3.54,572.0,N3,5.64,-4.08,751.0,0.85,22.89,67.33,13.18,0.6667,1.87,1.5599999999999996,0.2299999999999995,0.54,✅ OK
SM-EH-REH,CCCCCCc1cc(-c2cc3c(-c4sc(SCC(CC)CCCC)c(F)c4F)c4sc(-c5cc(CCCCCC)c(-c6cc(C(CC)CCCC)c(-c7ccc(/C=C8/SC(=S)N(CCCCCC)C8=O)s7)s6)s5)cc4c(-c4sc(SCC(CC)CCCC)c(F)c4F)c3s2)sc1-c1cc(C(CC)CCCC)c(-c2ccc(/C=C3/SC(=S)N(CCCCCC)C3=O)s2)s1,5.41,-3.54,572.0,N3,5.64,-4.08,751.0,0.85,23.73,71.33,14.39,1.0,1.87,1.5599999999999996,0.2299999999999995,0.54,✅ OK
SM-EH-REH,CCCCCCc1cc(-c2cc3c(-c4sc(SCC(CC)CCCC)c(F)c4F)c4sc(-c5cc(CCCCCC)c(-c6cc(C(CC)CCCC)c(-c7ccc(/C=C8/SC(=S)N(CCCCCC)C8=O)s7)s6)s5)cc4c(-c4sc(SCC(CC)CCCC)c(F)c4F)c3s2)sc1-c1cc(C(CC)CCCC)c(-c2ccc(/C=C3/SC(=S)N(CCCCCC)C3=O)s2)s1,5.41,-3.54,572.0,N3,5.64,-4.08,751.0,0.84,24.17,68.85,14.06,1.5,1.87,1.5599999999999996,0.2299999999999995,0.54,✅ OK
SW1,Cc1cc(-c2cc3c(-c4ccc(SCC(C)C)s4)c4sc(-c5cc(C)c(-c6cc(C)c(-c7ccc(/C=C8/SC(=S)N(C)C8=O)s7)s6)s5)cc4c(-c4ccc(SCC(C)C)s4)c3s2)sc1-c1cc(C)c(-c2ccc(/C=C3/SC(=S)N(C)C3=O)s2)s1,5.42,-3.43,581.0,Y6,5.7,-4.08,833.0,0.806,25.09,63.8,12.9,1.4286,1.99,1.62,0.2800000000000002,0.6499999999999999,✅ OK
SW2,Cc1cc(-c2cc3c(-c4cnc(SCC(C)C)s4)c4sc(-c5cc(C)c(-c6cc(C)c(-c7ccc(/C=C8/SC(=S)N(C)C8=O)s7)s6)s5)cc4c(-c4cnc(SCC(C)C)s4)c3s2)sc1-c1cc(C)c(-c2ccc(/C=C3/SC(=S)N(C)C3=O)s2)s1,5.47,-3.45,572.0,Y6,5.7,-4.08,833.0,0.83,21.57,67.0,12.0,2.0,2.02,1.62,0.2300000000000004,0.6299999999999999,✅ OK
SW2,Cc1cc(-c2cc3c(-c4cnc(SCC(C)C)s4)c4sc(-c5cc(C)c(-c6cc(C)c(-c7ccc(/C=C8/SC(=S)N(C)C8=O)s7)s6)s5)cc4c(-c4cnc(SCC(C)C)s4)c3s2)sc1-c1cc(C)c(-c2ccc(/C=C3/SC(=S)N(C)C3=O)s2)s1,5.47,-3.45,572.0,Y6,5.7,-4.08,833.0,0.829,22.9,72.0,13.68,1.6667,2.02,1.62,0.2300000000000004,0.6299999999999999,✅ OK
SW2,Cc1cc(-c2cc3c(-c4cnc(SCC(C)C)s4)c4sc(-c5cc(C)c(-c6cc(C)c(-c7ccc(/C=C8/SC(=S)N(C)C8=O)s7)s6)s5)cc4c(-c4cnc(SCC(C)C)s4)c3s2)sc1-c1cc(C)c(-c2ccc(/C=C3/SC(=S)N(C)C3=O)s2)s1,5.47,-3.45,572.0,Y6,5.7,-4.08,833.0,0.835,25.1,74.0,15.51,1.4286,2.02,1.62,0.2300000000000004,0.6299999999999999,✅ OK
SW2,Cc1cc(-c2cc3c(-c4cnc(SCC(C)C)s4)c4sc(-c5cc(C)c(-c6cc(C)c(-c7ccc(/C=C8/SC(=S)N(C)C8=O)s7)s6)s5)cc4c(-c4cnc(SCC(C)C)s4)c3s2)sc1-c1cc(C)c(-c2ccc(/C=C3/SC(=S)N(C)C3=O)s2)s1,5.47,-3.45,572.0,Y6,5.7,-4.08,833.0,0.836,24.3,70.1,14.22,1.25,2.02,1.62,0.2300000000000004,0.6299999999999999,✅ OK
SW2,Cc1cc(-c2cc3c(-c4cnc(SCC(C)C)s4)c4sc(-c5cc(C)c(-c6cc(C)c(-c7ccc(/C=C8/SC(=S)N(C)C8=O)s7)s6)s5)cc4c(-c4cnc(SCC(C)C)s4)c3s2)sc1-c1cc(C)c(-c2ccc(/C=C3/SC(=S)N(C)C3=O)s2)s1,5.47,-3.45,572.0,Y6,5.7,-4.08,833.0,0.837,23.68,57.7,11.48,1.0,2.02,1.62,0.2300000000000004,0.6299999999999999,✅ OK
SW2,Cc1cc(-c2cc3c(-c4cnc(SCC(C)C)s4)c4sc(-c5cc(C)c(-c6cc(C)c(-c7ccc(/C=C8/SC(=S)N(C)C8=O)s7)s6)s5)cc4c(-c4cnc(SCC(C)C)s4)c3s2)sc1-c1cc(C)c(-c2ccc(/C=C3/SC(=S)N(C)C3=O)s2)s1,5.47,-3.45,572.0,Y6,5.7,-4.08,833.0,0.838,23.1,48.3,9.37,0.8333,2.02,1.62,0.2300000000000004,0.6299999999999999,✅ OK
BO-1,CCCCCCc1cc(-c2cc3c(-c4cnc(SCC(CCCC)CCCCCC)s4)c4sc(-c5cc(CCCCCC)c(-c6cc(CCCCCC)c(-c7ccc(/C=C8/SC(=S)N(C(CC)CCCC)C8=O)s7)s6)s5)cc4c(-c4cnc(SCC(CCCC)CCCCCC)s4)c3s2)sc1-c1cc(CCCCCC)c(-c2ccc(/C=C3/SC(=S)N(C(CC)CCCC)C3=O)s2)s1,5.3,-3.51,580.0,BTP-eC9,5.64,-4.05,828.0,0.845,25.56,77.74,16.79,1.4286,1.79,1.59,0.3399999999999998,0.54,✅ OK
HD-1,CCCCCCCCC(CCCCCC)CSc1ncc(-c2c3cc(-c4cc(CCCCCC)c(-c5cc(CCCCCC)c(-c6ccc(/C=C7/SC(=S)N(C(CC)CCCC)C7=O)s6)s5)s4)sc3c(-c3cnc(SCC(CCCCCC)CCCCCCCC)s3)c3cc(-c4cc(CCCCCC)c(-c5cc(CCCCCC)c(-c6ccc(/C=C7/SC(=S)N(C(CC)CCCC)C7=O)s6)s5)s4)sc23)s1,5.31,-3.46,582.0,BTP-eC9,5.64,-4.05,828.0,0.842,26.04,78.46,17.19,1.4286,1.85,1.59,0.33,0.5899999999999999,✅ OK
OD-1,CCCCCCCCCCC(CCCCCCCC)CSc1ncc(-c2c3cc(-c4cc(CCCCCC)c(-c5cc(CCCCCC)c(-c6ccc(/C=C7/SC(=S)N(C(CC)CCCC)C7=O)s6)s5)s4)sc3c(-c3cnc(SCC(CCCCCCCC)CCCCCCCCCC)s3)c3cc(-c4cc(CCCCCC)c(-c5cc(CCCCCC)c(-c6ccc(/C=C7/SC(=S)N(C(CC)CCCC)C7=O)s6)s5)s4)sc23)s1,5.36,-3.48,581.0,BTP-eC9,5.64,-4.05,828.0,0.828,25.49,71.89,15.18,1.4286,1.8800000000000003,1.59,0.2799999999999993,0.5699999999999998,✅ OK
CBTSeHR,CCCCCCCCc1cc(/C=C2/SC(=S)N(CCCCCC)C2=O)sc1-c1ccc(-c2sc(-c3cc4c(-c5cc(Cl)c(CC(CC)CCCC)s5)c5sc(-c6cc(CCCCCCCC)c(-c7ccc(-c8sc(/C=C9/SC(=S)N(CCCCCC)C9=O)cc8CCCCCCCC)[se]7)s6)cc5c(-c5cc(Cl)c(CC(CC)CCCC)s5)c4s3)cc2CCCCCCCC)[se]1,5.47,-3.62,631.0,FO-2Cl,5.83,-3.9,760.0,0.881,18.76,73.2,12.1,0.9091,1.85,1.93,0.3600000000000003,0.2799999999999998,✅ OK
ZR1-C3,CCCCCCCCc1cc(-c2cc3sc4c(-c5ccc(CCCC(CCCC)CCCCCC)s5)c5c(sc6cc(-c7cc(CCCCCCCC)c(-c8ccc(/C=C9\SC(=S)N(CCCCCC)C9=O)s8)s7)sc65)c(-c5ccc(CCCC(CCCC)CCCCCC)s5)c4c3s2)sc1-c1ccc(/C=C2\SC(=S)N(CCCCCC)C2=O)s1,5.24,-3.53,562.0,BTP-C11-N2Cl,5.47,-4.04,800.0,0.89,20.06,61.23,11.01,0.9091,1.7100000000000004,1.4299999999999995,0.2299999999999995,0.5100000000000002,✅ OK
ZR1-C3,CCCCCCCCc1cc(-c2cc3sc4c(-c5ccc(CCCC(CCCC)CCCCCC)s5)c5c(sc6cc(-c7cc(CCCCCCCC)c(-c8ccc(/C=C9\SC(=S)N(CCCCCC)C9=O)s8)s7)sc65)c(-c5ccc(CCCC(CCCC)CCCCCC)s5)c4c3s2)sc1-c1ccc(/C=C2\SC(=S)N(CCCCCC)C2=O)s1,5.24,-3.53,562.0,BTP-eC9-N2F,5.46,3.96,780.0,0.9,20.02,62.89,11.44,0.9091,1.7100000000000004,9.42,0.2199999999999997,7.49,✅ OK
ZR1-C3,CCCCCCCCc1cc(-c2cc3sc4c(-c5ccc(CCCC(CCCC)CCCCCC)s5)c5c(sc6cc(-c7cc(CCCCCCCC)c(-c8ccc(/C=C9\SC(=S)N(CCCCCC)C9=O)s8)s7)sc65)c(-c5ccc(CCCC(CCCC)CCCCCC)s5)c4c3s2)sc1-c1ccc(/C=C2\SC(=S)N(CCCCCC)C2=O)s1,5.24,-3.53,562.0,BTP-eC9-N4F,5.51,-4.02,830.0,0.86,23.63,69.0,14.29,0.9091,1.7100000000000004,1.4900000000000002,0.2699999999999996,0.4899999999999997,✅ OK
ZR-C8,CCCCCCCCc1ccc(-c2c3sc4cc(-c5cc(CCCCCCCC)c(-c6ccc(/C=C7\SC(=S)N(CCCCCC)C7=O)s6)s5)sc4c3c(-c3ccc(CCCCCCCC)s3)c3sc4cc(-c5cc(CCCCCCCC)c(-c6ccc(/C=C7\SC(=S)N(CCCCCC)C7=O)s6)s5)sc4c23)s1,5.32,-2.81,562.0,Y6,5.7,-4.08,833.0,0.829,25.0,58.8,12.2,0.9091,2.51,1.62,0.3799999999999999,1.27,✅ OK
ZR-SiO,CCCCCCCCc1cc(-c2cc3sc4c(-c5ccc(CCCCCC(C)(O[Si](C)(C)C)O[Si](C)(C)C)s5)c5c(sc6cc(-c7cc(CCCCCCCC)c(-c8ccc(/C=C9\SC(=S)N(CCCCCC)C9=O)s8)s7)sc65)c(-c5ccc(CCCCCC(C)(O[Si](C)(C)C)O[Si](C)(C)C)s5)c4c3s2)sc1-c1ccc(/C=C2\SC(=S)N(CCCCCC)C2=O)s1,5.32,-2.81,562.0,Y6,5.7,-4.08,833.0,0.852,26.0,72.3,16.0,0.9091,2.51,1.62,0.3799999999999999,1.27,✅ OK
ZR-SiO-EH,CCCCCCCCc1cc(-c2cc3sc4c(-c5cc(CC(CC)CCCC)c(CCCCCC(C)(O[Si](C)(C)C)O[Si](C)(C)C)s5)c5c(sc6cc(-c7cc(CCCCCCCC)c(-c8ccc(/C=C9\SC(=S)N(CCCCCC)C9=O)s8)s7)sc65)c(-c5cc(CC(CC)CCCC)c(CCCCCC(C)(O[Si](C)(C)C)O[Si](C)(C)C)s5)c4c3s2)sc1-c1ccc(/C=C2\SC(=S)N(CCCCCC)C2=O)s1,5.32,-2.81,562.0,Y6,5.7,-4.08,833.0,0.87,25.6,73.7,16.4,0.9091,2.51,1.62,0.3799999999999999,1.27,✅ OK
SL1,CCCCCCc1cc(-c2c3cc(-c4ccc(-c5nc6sc(-c7cc(CC(CC)CCCC)c(/C=C8\SC(=S)N(CCCC)C8=O)s7)nc6s5)s4)sc3c(-c3cc(CCCCCC)c(CC(CC)CCCC)s3)c3cc(-c4ccc(-c5nc6sc(-c7cc(CC(CC)CCCC)c(/C=C8\SC(=S)N(CCCC)C8=O)s7)nc6s5)s4)sc23)sc1CC(CC)CCCC,5.58,-3.59,562.0,Y6,5.7,-4.08,833.0,0.87,23.2,68.0,13.9,1.0,1.99,1.62,0.1200000000000001,0.4900000000000002,✅ OK
SL2,CCCCC(CC)Cc1ccc(-c2c3cc(-c4ccc(-c5nc6sc(-c7cc(CC(CC)CCCC)c(/C=C8\SC(=S)N(CCCC)C8=O)s7)nc6s5)s4)sc3c(-c3ccc(CC(CC)CCCC)s3)c3cc(-c4ccc(-c5nc6sc(-c7cc(CC(CC)CCCC)c(/C=C8\SC(=S)N(CCCC)C8=O)s7)nc6s5)s4)sc23)s1,5.6,-3.62,562.0,Y6,5.7,-4.08,833.0,0.98,21.5,60.0,11.5,1.0,1.9799999999999995,1.62,0.1000000000000005,0.4599999999999999,✅ OK
SL3,CCCCCCCCc1cc(-c2c3cc(-c4ccc(-c5nc6sc(-c7cc(CC(CC)CCCC)c(/C=C8\SC(=S)N(CCCC)C8=O)s7)nc6s5)s4)sc3c(-c3cc(CCCCCCCC)c(CC(CC)CCCC)s3)c3cc(-c4ccc(-c5nc6sc(-c7cc(CC(CC)CCCC)c(/C=C8\SC(=S)N(CCCC)C8=O)s7)nc6s5)s4)sc23)sc1CC(CC)CCCC,5.58,-3.6,562.0,Y6,5.7,-4.08,833.0,0.88,21.6,67.0,12.7,1.0,1.98,1.62,0.1200000000000001,0.48,✅ OK
SL4,CCCCCCc1cc(-c2c3cc(-c4ccc(-c5nc6sc(-c7cc(CC(CC)CCCC)c(/C=C8\SC(=S)N(CCCC)C8=O)s7)nc6s5)s4)sc3c(-c3cc(CCCCCC)c(CCCCCC)s3)c3cc(-c4ccc(-c5nc6sc(-c7cc(CC(CC)CCCC)c(/C=C8\SC(=S)N(CCCC)C8=O)s7)nc6s5)s4)sc23)sc1CCCCCC,5.57,-3.57,562.0,Y6,5.7,-4.08,833.0,0.87,23.0,62.0,12.4,1.0,2.0000000000000004,1.62,0.1299999999999999,0.5100000000000002,✅ OK
SM-CA,CCCCCCc1cc(-c2cc3c(-c4sc(CC(CC)CCCC)c(F)c4F)c4sc(-c5cc(CCCCCC)c(-c6cc(CCCCCC)c(-c7ccc(/C=C(\C#N)C(=O)OCC(CC)CCCC)s7)s6)s5)cc4c(-c4sc(CC(CC)CCCC)c(F)c4F)c3s2)sc1-c1cc(CCCCCC)c(-c2ccc(/C=C(\C#N)C(=O)OCC(CC)CCCC)s2)s1,5.4,-3.4,651.0,N3,5.64,-4.08,751.0,0.838,24.33,75.62,15.41,1.0,2.0000000000000004,1.5599999999999996,0.2399999999999993,0.6800000000000002,✅ OK
SM-CA-Reh,CCCCCCc1cc(-c2cc3c(-c4sc(CC(CC)CCCC)c(F)c4F)c4sc(-c5cc(CCCCCC)c(-c6cc(CCCCCC)c(-c7ccc(/C=C(\C#N)C(=O)OCC(CC)CCCC)s7)s6)s5)cc4c(-c4sc(CC(CC)CCCC)c(F)c4F)c3s2)sc1-c1cc(CCCCCC)c(-c2ccc(/C=C3\SC(=S)N(CC(CC)CCCC)C3=O)s2)s1,5.52,-3.53,668.0,N3,5.64,-4.08,751.0,0.842,25.06,77.5,16.34,1.0,1.99,1.5599999999999996,0.1200000000000001,0.5500000000000003,✅ OK
SM-Reh,CCCCC(CC)Cc1sc(-c2c3cc(-c4ccc(-c5ccc(-c6ccc(/C=C7\SC(=S)N(CC(CC)CCCC)C7=O)s6)s5)s4)sc3c(-c3sc(CC(CC)CCCC)c(F)c3F)c3cc(-c4ccc(-c5ccc(-c6ccc(/C=C7\SC(=S)N(CC(CC)CCCC)C7=O)s6)s5)s4)sc23)c(F)c1F,5.55,-3.6,672.0,N3,5.64,-4.08,751.0,0.834,25.42,69.64,14.76,1.0,1.95,1.5599999999999996,0.0899999999999998,0.48,✅ OK
SM-CA-ID,CCCCCCc1cc(-c2cc3c(-c4sc(CC(CC)CCCC)c(F)c4F)c4sc(-c5cc(CCCCCC)c(-c6cc(CCCCCC)c(-c7ccc(/C=C(\C#N)C(=O)OCC(CC)CCCC)s7)s6)s5)cc4c(-c4sc(CC(CC)CCCC)c(F)c4F)c3s2)sc1-c1cc(CCCCCC)c(-c2ccc(C=C3C(=O)c4ccccc4C3=O)s2)s1,5.33,-3.6,707.0,N3,5.64,-4.08,751.0,0.82,21.99,45.49,8.2,1.0,1.73,1.5599999999999996,0.3099999999999996,0.48,✅ OK
SM-ID,CCCCCCc1cc(-c2cc3c(-c4sc(CC(CC)CCCC)c(F)c4F)c4sc(-c5cc(CCCCCC)c(-c6cc(CCCCCC)c(-c7ccc(C=C8C(=O)c9ccccc9C8=O)s7)s6)s5)cc4c(-c4sc(CC(CC)CCCC)c(F)c4F)c3s2)sc1-c1cc(CCCCCC)c(-c2ccc(C=C3C(=O)c4ccccc4C3=O)s2)s1,5.25,-3.61,712.0,N3,5.64,-4.08,751.0,0.823,10.54,31.79,2.79,1.0,1.64,1.5599999999999996,0.3899999999999997,0.4700000000000002,✅ OK
MPhS-C2,CCCCCCCCC(CCCCCC)CSc1cccc(-c2c3sc4cc(-c5ccc(-c6ccc(/C=C7/SC(=S)N(CC)C7=O)s6)s5)sc4c3c(-c3cccc(SCC(CCCCCC)CCCCCCCC)c3)c3sc4cc(-c5ccc(-c6ccc(/C=C7/SC(=S)N(CC)C7=O)s6)s5)sc4c23)c1,5.35,-3.45,605.0,BTP-eC9,5.64,-4.05,828.0,0.886,26.2,69.52,16.54,1.0,1.8999999999999997,1.59,0.29,0.5999999999999996,✅ OK
MPhS-C4,CCCCCCCCC(CCCCCC)CSc1cccc(-c2c3sc4cc(-c5ccc(-c6ccc(/C=C7/SC(=S)N(CCCC)C7=O)s6)s5)sc4c3c(-c3cccc(SCC(CCCCCC)CCCCCCCC)c3)c3sc4cc(-c5ccc(-c6ccc(/C=C7/SC(=S)N(CCCC)C7=O)s6)s5)sc4c23)c1,5.39,-3.45,607.0,BTP-eC10,5.64,-4.05,828.0,0.873,25.61,70.28,15.73,1.0,1.9399999999999995,1.59,0.25,0.5999999999999996,✅ OK
MPhS-C6,CCCCCCCCc1cc(-c2cc3sc4c(-c5cccc(SCC(CCCCCC)CCCCCCCC)c5)c5c(sc6cc(-c7cc(CCCCCCCC)c(-c8ccc(/C=C9\SC(=S)N(CCCCCC)C9=O)s8)s7)sc65)c(-c5cccc(SCC(CCCCCC)CCCCCCCC)c5)c4c3s2)sc1-c1ccc(/C=C2\SC(=S)N(CCCCCC)C2=O)s1,5.35,-4.1,610.0,BTP-eC11,5.64,-4.05,828.0,0.84,25.49,75.6,16.2,1.0,1.25,1.59,0.29,0.0499999999999998,✅ OK
B1,CCCCCCc1cc(-c2cc3c(-c4ccc(SCC(CC)CCCC)cc4)c4sc(-c5cc(CCCCCC)c(-c6cc(CCCCCC)c(-c7ccc(/C=C8/SC(=S)N(CCCC)C8=O)s7)s6)s5)cc4c(-c4ccc(SCC(CC)CCCC)cc4)c3s2)sc1-c1cc(CCCCCC)c(-c2ccc(/C=C3/SC(=S)N(CCCC)C3=O)s2)s1,5.24,-2.64,580.0,BO-4Cl,5.69,-3.87,822.0,0.822,25.14,72.5,14.98,1.0,2.6,1.8200000000000005,0.4500000000000002,1.23,✅ OK
BM-Cl,CCCCCCc1cc(-c2sc(-c3cc4c(-c5cccc(SCC(CC)CCCC)c5)c5sc(-c6cc(CCCCCC)c(-c7sc(-c8ccc(/C=C9/SC(=S)N(CCCC)C9=O)s8)c(CCCCCC)c7Cl)s6)cc5c(-c5cccc(SCC(CC)CCCC)c5)c4s3)c(Cl)c2CCCCCC)sc1-c1ccc(/C=C2/SC(=S)N(CCCC)C2=O)s1,5.31,-2.73,587.0,BO-4Cl,5.69,-3.87,822.0,0.826,25.9,73.55,15.73,1.0,2.58,1.8200000000000005,0.3800000000000008,1.14,✅ OK
C-2F,CCCCCCc1cc(-c2cc3c(-c4cc(F)c(CC(CC)CCCC)c(F)c4)c4sc(-c5cc(CCCCCC)c(-c6cc(CCCCCC)c(-c7ccc(/C=C8\SC(=S)N(CCCCCC)C8=O)s7)s6)s5)cc4c(-c4cc(F)c(CC(CC)CCCC)c(F)c4)c3s2)sc1-c1cc(CCCCCC)c(-c2ccc(/C=C3\SC(=S)N(CCCCCC)C3=O)s2)s1,5.4,-3.4,504.0,N3,5.64,-4.08,751.0,0.85,24.87,69.33,14.64,1.6,2.0000000000000004,1.5599999999999996,0.2399999999999993,0.6800000000000002,✅ OK
3DTBDT,CCCCCCCCC(CCCCCC)Cc1ccc(-c2c3sc4cc(-c5cc6sc7c(-c8ccc(CC(CCCCCC)CCCCCCCC)s8)c8c(sc9cc(-c%10cc%11sc%12c(-c%13ccc(CC(CCCCCC)CCCCCCCC)s%13)c%13c(sc%14cc(/C=C%15/SC(=S)N(CCCCCC)C%15=O)sc%14%13)c(-c%13ccc(CC(CCCCCC)CCCCCCCC)s%13)c%12c%11s%10)sc98)c(-c8ccc(CC(CCCCCC)CCCCCCCC)s8)c7c6s5)sc4c3c(-c3ccc(CC(CCCCCC)CCCCCCCC)s3)c3sc4cc(/C=C5/SC(=S)N(CCCCCC)C5=O)sc4c23)s1,5.3,-2.78,587.0,L8-BO,5.73,-3.88,831.0,0.847,22.84,70.98,13.74,1.0,2.52,1.8500000000000003,0.4300000000000006,1.1,✅ OK
BDT-BCl,CCCCCCc1cc(-c2cc3c(-c4ccc(SCC(CC)CCCC)c(Cl)c4)c4sc(-c5cc(CCCCCC)c(-c6cc(CCCCCC)c(-c7ccc(/C=C8\SC(=S)N(CCCCCC)C8=O)s7)s6)s5)cc4c(-c4ccc(SCC(CC)CCCC)c(Cl)c4)c3s2)sc1-c1cc(CCCCCC)c(-c2ccc(/C=C3\SC(=S)N(CCCCCC)C3=O)s2)s1,5.3,-2.78,618.0,L8-BO,5.73,-3.88,831.0,0.88,23.74,67.73,14.1,0.625,2.52,1.8500000000000003,0.4300000000000006,1.1,✅ OK
TBD-BCl,CCCCCCc1cc(-c2cc3c(-c4ccc(SCC(CC)CCCC)c(Cl)c4)c4sc5cc(-c6cc(CCCCCC)c(-c7cc(CCCCCC)c(-c8ccc(/C=C9\SC(=S)N(CCCCCC)C9=O)s8)s7)s6)sc5c4c(-c4ccc(SCC(CC)CCCC)c(Cl)c4)c3s2)sc1-c1cc(CCCCCC)c(-c2ccc(/C=C3\SC(=S)N(CCCCCC)C3=O)s2)s1,5.3,-2.78,617.0,L8-BO,5.73,-3.88,831.0,0.91,24.95,71.13,16.2,0.625,2.52,1.8500000000000003,0.4300000000000006,1.1,✅ OK
BSFTR,CCCCCCc1cc(-c2cc3c(-c4cc(F)c(SC(CC)CCCC)s4)c4sc(-c5cc(CCCCCC)c(-c6cc(CCCCCC)c(-c7ccc(/C=C8/SC(=S)N(C(CC)CCCC)C8=O)s7)s6)s5)cc4c(-c4cc(F)c(SC(CC)CCCC)s4)c3s2)sc1-c1cc(CCCCCC)c(-c2ccc(/C=C3/SC(=S)N(C(CC)CCCC)C3=O)s2)s1,5.59,-3.61,620.0,FO-2Cl,5.83,-3.9,765.0,0.885,22.01,78.41,15.27,1.0,1.98,1.93,0.2400000000000002,0.29,✅ OK
BSFTR,CCCCCCc1cc(-c2cc3c(-c4cc(F)c(SC(CC)CCCC)s4)c4sc(-c5cc(CCCCCC)c(-c6cc(CCCCCC)c(-c7ccc(/C=C8/SC(=S)N(C(CC)CCCC)C8=O)s7)s6)s5)cc4c(-c4cc(F)c(SC(CC)CCCC)s4)c3s2)sc1-c1cc(CCCCCC)c(-c2ccc(/C=C3/SC(=S)N(C(CC)CCCC)C3=O)s2)s1,5.59,-3.61,620.0,FO-EH-2Cl,5.73,-3.9,761.0,0.876,22.39,80.44,15.78,1.0,1.98,1.8300000000000003,0.1400000000000005,0.29,✅ OK
SM-n-Bu,CCCCCCc1cc(-c2cc3c(-c4ccc(C(CC)CCCC)cc4)c4sc(-c5cc(CCCCCC)c(-c6cc(CCCCCC)c(-c7ccc(/C=C8/SC(=S)N(CCCC)C8=O)s7)s6)s5)cc4c(-c4ccc(C(CC)CCCC)cc4)c3s2)sc1-c1cc(CCCCCC)c(-c2ccc(/C=C3/SC(=S)N(CCCC)C3=O)s2)s1,5.19,-3.61,573.0,BO-4Cl,5.66,-4.09,822.0,0.83,25.26,72.12,15.12,1.0,1.5800000000000003,1.5700000000000005,0.4699999999999997,0.48,✅ OK
SM-s-Bu,CCCCCCc1cc(-c2cc3c(-c4ccc(C(CC)CCCC)cc4)c4sc(-c5cc(CCCCCC)c(-c6cc(CCCCCC)c(-c7ccc(/C=C8/SC(=S)N(C(C)CC)C8=O)s7)s6)s5)cc4c(-c4ccc(C(CC)CCCC)cc4)c3s2)sc1-c1cc(CCCCCC)c(-c2ccc(/C=C3/SC(=S)N(C(C)CC)C3=O)s2)s1,5.24,-3.53,566.0,BO-4Cl,5.66,-4.09,822.0,0.822,25.69,74.34,16.06,1.0,1.7100000000000004,1.5700000000000005,0.4199999999999999,0.56,✅ OK
FSBTSeHR,CCCCCCCCc1cc(/C=C2/SC(=S)N(CCCCCC)C2=O)sc1-c1ccc(-c2sc(-c3cc4c(-c5cc(F)c(SCC(CC)CCCC)s5)c5sc(-c6cc(CCCCCCCC)c(-c7ccc(-c8sc(/C=C9/SC(=S)N(CCCCCC)C9=O)cc8CCCCCCCC)[se]7)s6)cc5c(-c5cc(F)c(SCC(CC)CCCC)s5)c4s3)cc2CCCCCCCC)[se]1,5.4,-3.62,641.0,BTP-eC9,5.64,-4.07,828.0,0.84,22.26,67.5,12.35,0.8333,1.7800000000000002,1.5699999999999994,0.2399999999999993,0.4500000000000002,✅ OK
BTR-Cl,CCCCCCc1cc(-c2cc3c(-c4cc(Cl)c(CC(CC)CCCC)s4)c4sc(-c5cc(CCCCCC)c(-c6cc(CCCCCC)c(-c7ccc(/C=C8\SC(=S)N(CCCCCC)C8=O)s7)s6)s5)cc4c(-c4cc(Cl)c(CC(CC)CCCC)s4)c3s2)sc1-c1cc(CCCCCC)c(-c2ccc(/C=C3\SC(=S)N(CCCCCC)C3=O)s2)s1,5.46,-3.7,580.0,BTP-Fl-Fl,5.7,-3.92,830.0,0.85,21.75,69.63,13.3,0.8333,1.7599999999999998,1.7800000000000002,0.2400000000000002,0.2199999999999997,✅ OK
W2-Reh,CCCCCCc1cc(-c2cc3c(-c4cnc(SCC(CC)CCCC)s4)c4sc(-c5cc(CCCCCC)c(-c6cc(CCCCCC)c(-c7ccc(/C=C8\SC(=S)N(CC(CC)CCCC)C8=O)s7)s6)s5)cc4c(-c4ccc(SCC(CC)CCCC)s4)c3s2)sc1-c1cc(CCCCCC)c(-c2ccc(/C=C3\SC(=S)N(CC(CC)CCCC)C3=O)s2)s1,5.16,-3.48,495.0,Y6,5.7,-4.08,833.0,0.83,25.19,76.8,16.06,1.25,1.6800000000000002,1.62,0.54,0.6000000000000001,✅ OK
W2-CA,CCCCCCc1cc(-c2cc3c(-c4cnc(SCC(CC)CCCC)s4)c4sc(-c5cc(CCCCCC)c(-c6cc(CCCCCC)c(-c7ccc(/C=C(\C#N)C(=O)OCC(CC)CCCC)s7)s6)s5)cc4c(-c4ccc(SCC(CC)CCCC)s4)c3s2)sc1-c1cc(CCCCCC)c(-c2ccc(/C=C(\C#N)C(=O)OCC(CC)CCCC)s2)s1,5.17,-3.53,500.0,Y6,5.7,-4.08,833.0,0.82,25.31,74.8,15.63,1.25,1.64,1.62,0.5300000000000002,0.5500000000000003,✅ OK
SM8,CCCCCCCCSc1ccc(-c2c3cc(-c4cc(CCCCCCCC)c(-c5ccc(-c6sc(/C=C(\C#N)C(=O)OCC(CC)CCCC)cc6CCCCCCCC)s5)s4)sc3c(-c3ccc(SCCCCCCCC)s3)c3cc(-c4cc(CCCCCCCC)c(-c5ccc(-c6sc(/C=C(\C#N)C(=O)OCC(CC)CCCC)cc6CCCCCCCC)s5)s4)sc23)s1,5.21,-3.55,580.0,BO-4Cl,5.66,-4.09,822.0,0.85,21.23,72.5,13.11,1.0,1.66,1.5700000000000005,0.4500000000000002,0.54,✅ OK
BT-Ro-Cl,CCCCCCCCOC(=O)/C(C#N)=C/c1ccc(-c2ccc(-c3ccc(-c4cc5c(-c6cc(C)c(CC(CC)CCCC)s6)c6sc(-c7ccc(-c8ccc(-c9ccc(/C=C(\C#N)C(=O)OCCCCCCCC)s9)s8)s7)cc6c(-c6cc(C)c(CC(CC)CCCC)s6)c5s4)s3)s2)s1,5.41,-3.57,560.0,Y6,5.7,-4.08,833.0,0.86,22.5,68.6,13.35,1.0,1.8400000000000003,1.62,0.29,0.5100000000000002,✅ OK
BT-Reh-Cl,CCCCC(CC)COC(=O)/C(C#N)=C/c1ccc(-c2ccc(-c3ccc(-c4cc5c(-c6cc(C)c(CC(CC)CCCC)s6)c6sc(-c7ccc(-c8ccc(-c9ccc(/C=C(\C#N)C(=O)OCC(CC)CCCC)s9)s8)s7)cc6c(-c6cc(C)c(CC(CC)CCCC)s6)c5s4)s3)s2)s1,5.41,-3.58,564.0,Y6,5.7,-4.08,833.0,0.86,22.93,69.8,13.9,1.0,1.83,1.62,0.29,0.5,✅ OK
BTR-Te,CCCCCCN1C(=O)/C(=C/c2ccc(-c3sc(-c4sc(-c5cc6c(-c7ccc(CC(CC)CCCC)s7)c7sc(-c8cc(C)c(-c9cc(C)c(-c%10ccc(/C=C%11\SC(=S)N(CCCCCC)C%11=O)s%10)s9)s8)cc7c(-c7ccc(CC(CC)CCCC)s7)c6s5)cc4C)cc3C)s2)SC1=S,5.39,-3.33,578.0,Y6,5.66,-4.09,822.0,0.84,23.4,67.0,13.0,16.6667,2.06,1.5700000000000005,0.2700000000000004,0.7599999999999998,✅ OK
SD86,CCCCCCCCc1cc(-c2cc3sc4c(-c5cccc(SCC(CCCCCC)CCCCCCCC)c5)c5c(sc6cc(-c7cc(CCCCCCCC)c(-c8sc(/C=C9/SC(=S)N(CCCCCC)C9=O)cc8Cl)s7)sc65)c(-c5cccc(SCC(CCCCCC)CCCCCCCC)c5)c4c3s2)sc1-c1sc(/C=C2/SC(=S)N(CCCCCC)C2=O)cc1Cl,5.4,-3.68,575.0,BTP-eC9,5.62,-3.98,828.0,0.84,24.7,75.24,15.61,1.7,1.7200000000000002,1.64,0.2199999999999997,0.2999999999999998,✅ OK
SM-EH-R,CCCCCCc1cc(-c2cc3c(-c4sc(SCC(CC)CCCC)c(F)c4F)c4sc(-c5cc(CCCCCC)c(-c6cc(C(CC)CCCC)c(-c7ccc(/C=C8/SC(=S)N(CCCCCC)C8=O)s7)s6)s5)cc4c(-c4sc(SCC(CC)CCCC)c(F)c4F)c3s2)sc1-c1cc(C(CC)CCCC)c(-c2ccc(/C=C3/SC(=S)N(CCCCCC)C3=O)s2)s1,5.41,-3.57,552.0,N3,5.64,-4.08,751.0,0.85,21.96,63.4,11.9,1.0,1.8400000000000003,1.5599999999999996,0.2299999999999995,0.5100000000000002,✅ OK
BBTSM1,CCCCCCCCc1cc(/C=C(/C#N)C(=O)OCC(CC)CCCC)sc1-c1ccc(-c2sc(-c3nc4c(-c5ccc(CC(CC)CCCC)s5)c5sc(-c6cc(CCCCCCCC)c(-c7ccc(-c8sc(/C=C(/C#N)C(=O)OCC(CC)CCCC)cc8CCCCCCCC)s7)s6)nc5c(-c5ccc(CC(CC)CCCC)s5)c4s3)cc2CCCCCCCC)s1,5.58,-3.51,563.0,Y6,5.7,-4.08,833.0,0.87,21.6,63.0,11.8,1.8,2.0700000000000003,1.62,0.1200000000000001,0.5700000000000003,✅ OK
GSMD-syn,CCCCCCc1cc(/C=C2\SC(=O)N(CCCCCC)C2=O)sc1-c1ccc(-c2sc(-c3cc4c(-c5cc(Cl)c(CC(CC)CCCC)s5)c5sc(-c6cc7c(-c8cc(Cl)c(CC(CC)CCCC)s8)c8sc(-c9cc%10c(-c%11cc(Cl)c(CC(CC)CCCC)s%11)c%11sc(-c%12cc(CCCCCC)c(-c%13ccc(-c%14sc(/C=C%15\SC(=O)N(CCCCCC)C%15=O)cc%14CCCCCC)s%13)s%12)cc%11c(-c%11cc(Cl)c(CC(CC)CCCC)s%11)c%10s9)cc8c(-c8cc(Cl)c(CC(CC)CCCC)s8)c7s6)cc5c(-c5cc(Cl)c(CC(CC)CCCC)s5)c4s3)cc2CCCCCC)s1,5.47,-3.63,558.0,Y6,5.7,-4.08,833.0,0.88,24.35,56.0,11.95,2.0,1.84,1.62,0.2300000000000004,0.4500000000000002,✅ OK
GSMD-anti,CCCCCCc1cc(-c2cc3c(-c4cc(Cl)c(CC(CC)CCCC)s4)c4sc(-c5cc6c(-c7cc(Cl)c(CC(CC)CCCC)s7)c7sc(-c8cc9c(-c%10cc(Cl)c(CC(CC)CCCC)s%10)c%10sc(-c%11cc(CCCCCC)c(-c%12cc(CCCCCC)c(-c%13ccc(/C=C%14\SC(=O)N(CCCCCC)C%14=O)s%13)s%12)s%11)cc%10c(-c%10cc(Cl)c(CC(CC)CCCC)s%10)c9s8)cc7c(-c7cc(Cl)c(CC(CC)CCCC)s7)c6s5)cc4c(-c4cc(Cl)c(CC(CC)CCCC)s4)c3s2)sc1-c1cc(CCCCCC)c(-c2ccc(/C=C3\SC(=O)N(CCCCCC)C3=O)s2)s1,5.45,-3.61,562.0,Y6,5.7,-4.08,833.0,0.87,24.54,72.0,15.4,1.5,1.8400000000000003,1.62,0.25,0.4700000000000002,✅ OK
MPHS-P-1F,CCCCCCCCc1cc(-c2cc3sc4c(-c5cccc(SCC(CCCCCC)CCCCCCCC)c5)c5c(sc6cc(-c7cc(CCCCCCCC)c(-c8ccc(/C=C9\SC(=S)N(Cc%10ccc(F)cc%10)C9=O)s8)s7)sc65)c(-c5cccc(SCC(CCCCCC)CCCCCCCC)c5)c4c3s2)sc1-c1ccc(/C=C2\SC(=S)N(Cc3ccc(F)cc3)C2=O)s1,5.36,-3.47,550.0,BTP-eC9,5.64,-4.07,828.0,0.871,20.25,67.24,11.85,1.6,1.89,1.5699999999999994,0.2799999999999993,0.6000000000000001,✅ OK
MPHS-P-1F,CCCCCCCCc1cc(-c2cc3sc4c(-c5cccc(SCC(CCCCCC)CCCCCCCC)c5)c5c(sc6cc(-c7cc(CCCCCCCC)c(-c8ccc(/C=C9\SC(=S)N(Cc%10ccc(F)cc%10)C9=O)s8)s7)sc65)c(-c5cccc(SCC(CCCCCC)CCCCCCCC)c5)c4c3s2)sc1-c1ccc(/C=C2\SC(=S)N(Cc3ccc(F)cc3)C2=O)s1,5.36,-3.47,550.0,BTP-eC9,5.64,-4.07,828.0,0.874,21.42,67.25,11.56,2.0,1.89,1.5699999999999994,0.2799999999999993,0.6000000000000001,✅ OK
MPHS-P-1F,CCCCCCCCc1cc(-c2cc3sc4c(-c5cccc(SCC(CCCCCC)CCCCCCCC)c5)c5c(sc6cc(-c7cc(CCCCCCCC)c(-c8ccc(/C=C9\SC(=S)N(Cc%10ccc(F)cc%10)C9=O)s8)s7)sc65)c(-c5cccc(SCC(CCCCCC)CCCCCCCC)c5)c4c3s2)sc1-c1ccc(/C=C2\SC(=S)N(Cc3ccc(F)cc3)C2=O)s1,5.36,-3.47,550.0,BTP-eC9,5.64,-4.07,828.0,0.874,21.42,69.98,13.11,1.8,1.89,1.5699999999999994,0.2799999999999993,0.6000000000000001,✅ OK
MPHS-m-2F,CCCCCCCCc1cc(-c2cc3sc4c(-c5cccc(SCC(CCCCCC)CCCCCCCC)c5)c5c(sc6cc(-c7cc(CCCCCCCC)c(-c8ccc(/C=C9\SC(=S)N(Cc%10cc(F)cc(F)c%10)C9=O)s8)s7)sc65)c(-c5cccc(SCC(CCCCCC)CCCCCCCC)c5)c4c3s2)sc1-c1ccc(/C=C2\SC(=S)N(Cc3cc(F)cc(F)c3)C2=O)s1,5.38,-3.44,551.0,BTP-eC9,5.64,-4.07,828.0,0.885,20.19,64.99,11.62,1.6,1.94,1.5699999999999994,0.2599999999999998,0.6300000000000003,✅ OK
MPHS-m-2F,CCCCCCCCc1cc(-c2cc3sc4c(-c5cccc(SCC(CCCCCC)CCCCCCCC)c5)c5c(sc6cc(-c7cc(CCCCCCCC)c(-c8ccc(/C=C9\SC(=S)N(Cc%10cc(F)cc(F)c%10)C9=O)s8)s7)sc65)c(-c5cccc(SCC(CCCCCC)CCCCCCCC)c5)c4c3s2)sc1-c1ccc(/C=C2\SC(=S)N(Cc3cc(F)cc(F)c3)C2=O)s1,5.38,-3.44,551.0,BTP-eC9,5.64,-4.07,828.0,0.869,18.22,63.5,10.05,2.0,1.94,1.5699999999999994,0.2599999999999998,0.6300000000000003,✅ OK
MPHS-m-2F,CCCCCCCCc1cc(-c2cc3sc4c(-c5cccc(SCC(CCCCCC)CCCCCCCC)c5)c5c(sc6cc(-c7cc(CCCCCCCC)c(-c8ccc(/C=C9\SC(=S)N(Cc%10cc(F)cc(F)c%10)C9=O)s8)s7)sc65)c(-c5cccc(SCC(CCCCCC)CCCCCCCC)c5)c4c3s2)sc1-c1ccc(/C=C2\SC(=S)N(Cc3cc(F)cc(F)c3)C2=O)s1,5.38,-3.44,551.0,BTP-eC9,5.64,-4.07,828.0,0.872,20.85,67.85,12.33,1.8,1.94,1.5699999999999994,0.2599999999999998,0.6300000000000003,✅ OK
MPHS-m-1F,CCCCCCCCc1cc(-c2cc3sc4c(-c5cccc(SCC(CCCCCC)CCCCCCCC)c5)c5c(sc6cc(-c7cc(CCCCCCCC)c(-c8ccc(/C=C9\SC(=S)N(Cc%10cccc(F)c%10)C9=O)s8)s7)sc65)c(-c5cccc(SCC(CCCCCC)CCCCCCCC)c5)c4c3s2)sc1-c1ccc(/C=C2\SC(=S)N(Cc3cccc(F)c3)C2=O)s1,5.36,-3.54,552.0,BTP-eC9,5.64,-4.07,828.0,0.848,23.46,73.81,14.78,1.6,1.8200000000000005,1.5699999999999994,0.2799999999999993,0.5300000000000002,✅ OK
MPHS-m-1F,CCCCCCCCc1cc(-c2cc3sc4c(-c5cccc(SCC(CCCCCC)CCCCCCCC)c5)c5c(sc6cc(-c7cc(CCCCCCCC)c(-c8ccc(/C=C9\SC(=S)N(Cc%10cccc(F)c%10)C9=O)s8)s7)sc65)c(-c5cccc(SCC(CCCCCC)CCCCCCCC)c5)c4c3s2)sc1-c1ccc(/C=C2\SC(=S)N(Cc3cccc(F)c3)C2=O)s1,5.36,-3.54,552.0,BTP-eC9,5.64,-4.07,828.0,0.846,19.88,72.69,12.23,2.0,1.8200000000000005,1.5699999999999994,0.2799999999999993,0.5300000000000002,✅ OK
MPHS-m-1F,CCCCCCCCc1cc(-c2cc3sc4c(-c5cccc(SCC(CCCCCC)CCCCCCCC)c5)c5c(sc6cc(-c7cc(CCCCCCCC)c(-c8ccc(/C=C9\SC(=S)N(Cc%10cccc(F)c%10)C9=O)s8)s7)sc65)c(-c5cccc(SCC(CCCCCC)CCCCCCCC)c5)c4c3s2)sc1-c1ccc(/C=C2\SC(=S)N(Cc3cccc(F)c3)C2=O)s1,5.36,-3.54,552.0,BTP-eC9,5.64,-4.07,828.0,0.857,24.82,75.72,16.1,1.8,1.8200000000000005,1.5699999999999994,0.2799999999999993,0.5300000000000002,✅ OK
MPHS-C6,CCCCCCCCc1cc(-c2cc3sc4c(-c5cccc(SCC(CCCCCC)CCCCCCCC)c5)c5c(sc6cc(-c7cc(CCCCCCCC)c(-c8ccc(/C=C9\SC(=S)N(CCCCCC)C9=O)s8)s7)sc65)c(-c5cccc(SCC(CCCCCC)CCCCCCCC)c5)c4c3s2)sc1-c1ccc(/C=C2\SC(=S)N(CCCCCC)C2=O)s1,5.35,-4.1,610.0,Y6,5.7,-4.08,833.0,0.83,24.34,75.74,15.31,1.9,1.25,1.62,0.3500000000000005,0.0199999999999995,✅ OK
FBD-S3,CCCCCCc1cc(-c2cc3c(-c4cc(F)c(SCC(CCCC)CCCCCC)s4)c4sc5cc(-c6cc(CCCCCC)c(-c7cc(CCCCCC)c(-c8ccc(/C=C9\SC(=S)N(CCCCCC)C9=O)s8)s7)s6)sc5c4c(-c4cc(F)c(SCC(CCCC)CCCCCC)s4)c3o2)sc1-c1cc(CCCCCC)c(-c2ccc(/C=C3\SC(=S)N(CCCCCC)C3=O)s2)s1,5.29,-3.13,624.0,Y6,5.7,-4.08,833.0,0.847,18.69,48.23,7.63,1.0,2.16,1.62,0.4100000000000001,0.9500000000000002,✅ OK
FBD-S3,CCCCCCc1cc(-c2cc3c(-c4cc(F)c(SCC(CCCC)CCCCCC)s4)c4sc5cc(-c6cc(CCCCCC)c(-c7cc(CCCCCC)c(-c8ccc(/C=C9\SC(=S)N(CCCCCC)C9=O)s8)s7)s6)sc5c4c(-c4cc(F)c(SCC(CCCC)CCCCCC)s4)c3o2)sc1-c1cc(CCCCCC)c(-c2ccc(/C=C3\SC(=S)N(CCCCCC)C3=O)s2)s1,5.29,-3.13,624.0,Y6,5.7,-4.08,833.0,0.845,20.89,61.95,10.94,1.4,2.16,1.62,0.4100000000000001,0.9500000000000002,✅ OK
FBD-S3,CCCCCCc1cc(-c2cc3c(-c4cc(F)c(SCC(CCCC)CCCCCC)s4)c4sc5cc(-c6cc(CCCCCC)c(-c7cc(CCCCCC)c(-c8ccc(/C=C9\SC(=S)N(CCCCCC)C9=O)s8)s7)s6)sc5c4c(-c4cc(F)c(SCC(CCCC)CCCCCC)s4)c3o2)sc1-c1cc(CCCCCC)c(-c2ccc(/C=C3\SC(=S)N(CCCCCC)C3=O)s2)s1,5.29,-3.13,624.0,Y6,5.7,-4.08,833.0,0.849,20.7,65.13,11.45,2.0,2.16,1.62,0.4100000000000001,0.9500000000000002,✅ OK
FBD-S3,CCCCCCc1cc(-c2cc3c(-c4cc(F)c(SCC(CCCC)CCCCCC)s4)c4sc5cc(-c6cc(CCCCCC)c(-c7cc(CCCCCC)c(-c8ccc(/C=C9\SC(=S)N(CCCCCC)C9=O)s8)s7)s6)sc5c4c(-c4cc(F)c(SCC(CCCC)CCCCCC)s4)c3o2)sc1-c1cc(CCCCCC)c(-c2ccc(/C=C3\SC(=S)N(CCCCCC)C3=O)s2)s1,5.29,-3.13,624.0,Y6,5.7,-4.08,833.0,0.849,21.77,67.74,12.53,1.8,2.16,1.62,0.4100000000000001,0.9500000000000002,✅ OK
TBD-S4,CCCCCCc1cc(-c2cc3c(-c4cc(F)c(SCC(CCCC)CCCCCC)s4)c4sc5cc(-c6cc(CCCCCC)c(-c7cc(CCCCCC)c(-c8ccc(/C=C9\SC(=S)N(CCCCCC)C9=O)s8)s7)s6)sc5c4c(-c4cc(F)c(SCC(CCCC)CCCCCC)s4)c3s2)sc1-c1cc(CCCCCC)c(-c2ccc(/C=C3\SC(=S)N(CCCCCC)C3=O)s2)s1,5.31,-3.14,618.0,Y6,5.7,-4.08,833.0,0.851,22.82,52.27,10.15,1.0,2.1699999999999995,1.62,0.3900000000000005,0.94,✅ OK
TBD-S4,CCCCCCc1cc(-c2cc3c(-c4cc(F)c(SCC(CCCC)CCCCCC)s4)c4sc5cc(-c6cc(CCCCCC)c(-c7cc(CCCCCC)c(-c8ccc(/C=C9\SC(=S)N(CCCCCC)C9=O)s8)s7)s6)sc5c4c(-c4cc(F)c(SCC(CCCC)CCCCCC)s4)c3s2)sc1-c1cc(CCCCCC)c(-c2ccc(/C=C3\SC(=S)N(CCCCCC)C3=O)s2)s1,5.31,-3.14,618.0,Y6,5.7,-4.08,833.0,0.851,23.86,63.42,12.87,1.4,2.1699999999999995,1.62,0.3900000000000005,0.94,✅ OK
TBD-S4,CCCCCCc1cc(-c2cc3c(-c4cc(F)c(SCC(CCCC)CCCCCC)s4)c4sc5cc(-c6cc(CCCCCC)c(-c7cc(CCCCCC)c(-c8ccc(/C=C9\SC(=S)N(CCCCCC)C9=O)s8)s7)s6)sc5c4c(-c4cc(F)c(SCC(CCCC)CCCCCC)s4)c3s2)sc1-c1cc(CCCCCC)c(-c2ccc(/C=C3\SC(=S)N(CCCCCC)C3=O)s2)s1,5.31,-3.14,618.0,Y6,5.7,-4.08,833.0,0.852,22.77,71.26,13.82,2.0,2.1699999999999995,1.62,0.3900000000000005,0.94,✅ OK
TBD-S4,CCCCCCc1cc(-c2cc3c(-c4cc(F)c(SCC(CCCC)CCCCCC)s4)c4sc5cc(-c6cc(CCCCCC)c(-c7cc(CCCCCC)c(-c8ccc(/C=C9\SC(=S)N(CCCCCC)C9=O)s8)s7)s6)sc5c4c(-c4cc(F)c(SCC(CCCC)CCCCCC)s4)c3s2)sc1-c1cc(CCCCCC)c(-c2ccc(/C=C3\SC(=S)N(CCCCCC)C3=O)s2)s1,5.31,-3.14,618.0,Y6,5.7,-4.08,833.0,0.854,24.53,72.1,15.1,1.8,2.1699999999999995,1.62,0.3900000000000005,0.94,✅ OK
DRCN5T,CCCCCCCCc1cc(/C=c2\sc(=C(C#N)C#N)n(CC)c2=O)sc1-c1cc(CCCCCCCC)c(-c2ccc(-c3sc(-c4sc(/C=c5\sc(=C(C#N)C#N)n(CC)c5=O)cc4CCCCCCCC)cc3CCCCCCCC)s2)s1,5.22,-3.41,693.0,IDIC8-M,5.51,-3.76,709.0,1.002,10.36,60.7,6.31,1.0,1.81,1.75,0.29,0.3499999999999996,✅ OK
DRCN5T,CCCCCCCCc1cc(/C=c2\sc(=C(C#N)C#N)n(CC)c2=O)sc1-c1cc(CCCCCCCC)c(-c2ccc(-c3sc(-c4sc(/C=c5\sc(=C(C#N)C#N)n(CC)c5=O)cc4CCCCCCCC)cc3CCCCCCCC)s2)s1,5.22,-3.41,693.0,IDIC8-H,5.52,-3.72,701.0,0.952,13.44,62.5,8.0,1.25,1.81,1.7999999999999994,0.2999999999999998,0.31,✅ OK
DRCN5T,CCCCCCCCc1cc(/C=c2\sc(=C(C#N)C#N)n(CC)c2=O)sc1-c1cc(CCCCCCCC)c(-c2ccc(-c3sc(-c4sc(/C=c5\sc(=C(C#N)C#N)n(CC)c5=O)cc4CCCCCCCC)cc3CCCCCCCC)s2)s1,5.22,-3.41,693.0,IDIC8-F,5.51,-3.82,725.0,0.864,15.21,64.1,8.42,1.0,1.81,1.69,0.29,0.4099999999999997,✅ OK
DRCN5T,CCCCCCCCc1cc(/C=c2\sc(=C(C#N)C#N)n(CC)c2=O)sc1-c1cc(CCCCCCCC)c(-c2ccc(-c3sc(-c4sc(/C=c5\sc(=C(C#N)C#N)n(CC)c5=O)cc4CCCCCCCC)cc3CCCCCCCC)s2)s1,5.22,-3.41,693.0,F-0Cl,5.5,-3.8,750.0,1.09,9.64,52.3,5.49,2.0,1.81,1.7000000000000002,0.2800000000000002,0.3899999999999997,✅ OK
DRCN5T,CCCCCCCCc1cc(/C=c2\sc(=C(C#N)C#N)n(CC)c2=O)sc1-c1cc(CCCCCCCC)c(-c2ccc(-c3sc(-c4sc(/C=c5\sc(=C(C#N)C#N)n(CC)c5=O)cc4CCCCCCCC)cc3CCCCCCCC)s2)s1,5.22,-3.41,693.0,F-1Cl,5.6,-3.9,780.0,0.975,13.07,63.7,8.12,1.25,1.81,1.6999999999999995,0.3799999999999999,0.4899999999999997,✅ OK
DRCN5T,CCCCCCCCc1cc(/C=c2\sc(=C(C#N)C#N)n(CC)c2=O)sc1-c1cc(CCCCCCCC)c(-c2ccc(-c3sc(-c4sc(/C=c5\sc(=C(C#N)C#N)n(CC)c5=O)cc4CCCCCCCC)cc3CCCCCCCC)s2)s1,5.22,-3.41,693.0,F-2Cl,5.83,-3.9,760.0,0.906,15.97,68.4,9.89,1.25,1.81,1.93,0.6100000000000003,0.4899999999999997,✅ OK
DRCN7T,CCCCCCCCc1cc(/C=c2\sc(=C(C#N)C#N)n(CC)c2=O)sc1-c1cc(CCCCCCCC)c(-c2sc(-c3ccc(-c4cc(CCCCCCCC)c(-c5sc(-c6sc(/C=c7\sc(=C(C#N)C#N)n(CC)c7=O)cc6CCCCCCCC)cc5CCCCCCCC)s4)s3)cc2CCCCCCCC)s1,5.21,-3.54,535.0,Y6,5.7,-4.08,833.0,0.76,8.44,36.48,2.48,1.0,1.67,1.62,0.4900000000000002,0.54,✅ OK
2F7T,CCCCCCCCc1cc(/C=c2\sc(=C(C#N)C#N)n(CC)c2=O)sc1-c1cc(CCCCCCCC)c(-c2sc(-c3sc(-c4cc(CCCCCCCC)c(-c5sc(-c6sc(/C=c7\sc(=C(C#N)C#N)n(CC)c7=O)cc6CCCCCCCC)cc5CCCCCCCC)s4)c(F)c3F)cc2CCCCCCCC)s1,5.29,-3.61,520.0,Y6,5.7,-4.08,833.0,0.79,20.89,54.13,9.41,1.2,1.6800000000000002,1.62,0.4100000000000001,0.4700000000000002,✅ OK
2Cl7T,CCCCCCCCc1cc(/C=c2\sc(=C(C#N)C#N)n(CC)c2=O)sc1-c1cc(CCCCCCCC)c(-c2sc(-c3sc(-c4cc(CCCCCCCC)c(-c5sc(-c6sc(/C=c7\sc(=C(C#N)C#N)n(CC)c7=O)cc6CCCCCCCC)cc5CCCCCCCC)s4)c(Cl)c3Cl)cc2CCCCCCCC)s1,5.39,-3.64,519.0,Y6,5.7,-4.08,833.0,0.83,19.69,68.15,11.45,2.0,1.7499999999999996,1.62,0.3100000000000005,0.4399999999999999,✅ OK
DRTB-T,CCCCC(CC)Cc1ccc(-c2c3cc(-c4cc5c(-c6ccc(CC(CC)CCCC)s6)c6sc(-c7cc8c(-c9ccc(CC(CC)CCCC)s9)c9sc(/C=C%10/SC(=O)N(CC)C%10=O)cc9c(-c9ccc(CC(CC)CCCC)s9)c8s7)cc6c(-c6ccc(CC(CC)CCCC)s6)c5s4)sc3c(-c3ccc(CC(CC)CCCC)s3)c3cc(/C=C4/SC(=O)N(CC)C4=O)sc23)s1,5.51,-3.34,585.0,F-2Cl,5.83,-3.9,760.0,0.969,17.24,64.4,10.76,1.2,2.17,1.93,0.3200000000000003,0.56,✅ OK
DRTB-T,CCCCC(CC)Cc1ccc(-c2c3cc(-c4cc5c(-c6ccc(CC(CC)CCCC)s6)c6sc(-c7cc8c(-c9ccc(CC(CC)CCCC)s9)c9sc(/C=C%10/SC(=O)N(CC)C%10=O)cc9c(-c9ccc(CC(CC)CCCC)s9)c8s7)cc6c(-c6ccc(CC(CC)CCCC)s6)c5s4)sc3c(-c3ccc(CC(CC)CCCC)s3)c3cc(/C=C4/SC(=O)N(CC)C4=O)sc23)s1,5.48,-3.56,586.0,IDIC,5.65,-3.97,710.0,0.98,14.22,65.0,9.06,1.2,1.9200000000000004,1.6800000000000002,0.1699999999999999,0.4100000000000001,✅ OK
DRTBT-T-C2,CCCCC(CC)Cc1ccc(-c2c3cc(-c4cc5c(-c6ccc(CC(CC)CCCC)s6)c6sc(-c7cc8c(-c9ccc(CC(CC)CCCC)s9)c9sc(/C=C%10/SC(=O)N(CC)C%10=O)cc9c(-c9ccc(CC(CC)CCCC)s9)c8s7)cc6c(-c6ccc(CC(CC)CCCC)s6)c5s4)sc3c(-c3ccc(CC(CC)CCCC)s3)c3cc(/C=C4/SC(=O)N(CC)C4=O)sc23)s1,5.51,-3.34,581.0,IT-4F,5.66,-4.14,800.0,0.893,16.66,64.0,9.52,1.0,2.17,1.5200000000000005,0.1500000000000003,0.7999999999999998,✅ OK
DRTBT-T-C4,CCCCC(CC)Cc1ccc(-c2c3cc(-c4cc5c(-c6ccc(CC(CC)CCCC)s6)c6sc(-c7cc8c(-c9ccc(CC(CC)CCCC)s9)c9sc(/C=C%10/SC(=O)N(C(C)CC)C%10=O)cc9c(-c9ccc(CC(CC)CCCC)s9)c8s7)cc6c(-c6ccc(CC(CC)CCCC)s6)c5s4)sc3c(-c3ccc(CC(CC)CCCC)s3)c3cc(/C=C4/SC(=O)N(C(C)CC)C4=O)sc23)s1,5.51,-3.34,586.0,IT-4F,5.66,-4.14,800.0,0.909,18.27,68.0,11.24,1.0,2.17,1.5200000000000005,0.1500000000000003,0.7999999999999998,✅ OK
DRTBT-T-C6,CCCCCN1C(=O)S/C(=C/c2cc3c(-c4ccc(CC(CC)CCCC)s4)c4sc(-c5cc6c(-c7ccc(CC(CC)CCCC)s7)c7sc(-c8cc9c(-c%10ccc(CC(CC)CCCC)s%10)c%10sc(/C=C%11/SC(=O)N(CCCCC)C%11=O)cc%10c(-c%10ccc(CC(CC)CCCC)s%10)c9s8)cc7c(-c7ccc(CC(CC)CCCC)s7)c6s5)cc4c(-c4ccc(CC(CC)CCCC)s4)c3s2)C1=O,5.51,-3.34,589.0,IT-4F,5.66,-4.14,800.0,0.929,17.92,63.0,10.52,1.0,2.17,1.5200000000000005,0.1500000000000003,0.7999999999999998,✅ OK
DRTBT-T-C8,CCCCCCCN1C(=O)S/C(=C/c2cc3c(-c4ccc(CC(CC)CCCC)s4)c4sc(-c5cc6c(-c7ccc(CC(CC)CCCC)s7)c7sc(-c8cc9c(-c%10ccc(CC(CC)CCCC)s%10)c%10sc(/C=C%11/SC(=O)N(CCCCCCC)C%11=O)cc%10c(-c%10ccc(CC(CC)CCCC)s%10)c9s8)cc7c(-c7ccc(CC(CC)CCCC)s7)c6s5)cc4c(-c4ccc(CC(CC)CCCC)s4)c3s2)C1=O,5.51,-3.34,581.0,IT-4F,5.66,-4.14,800.0,0.928,16.15,61.0,9.14,1.0,2.17,1.5200000000000005,0.1500000000000003,0.7999999999999998,✅ OK
P2TBR,CCCCC(CC)COc1cc(-c2ccc(-c3cc4c(-c5ccc(CC(CC)CCCC)s5)c5sc(/C=C6/SC(=O)N(CC)C6=O)cc5c(-c5ccc(CC(CC)CCCC)s5)c4s3)s2)c(OCC(CC)CCCC)cc1-c1csc(-c2cc3c(-c4ccc(CC(CC)CCCC)s4)c4sc(/C=C5/SC(=O)N(CC)C5=O)cc4c(-c4ccc(CC(CC)CCCC)s4)c3s2)c1,5.36,-3.64,554.0,IDIC,5.65,-3.97,710.0,0.94,17.5,70.1,11.5,1.0,1.7200000000000002,1.6800000000000002,0.29,0.33,✅ OK
DRTB-FT,CCCCC(CC)Cc1ccc(-c2c3cc(-c4cc5c(-c6cc(F)c(CC(CC)CCCC)s6)c6sc(-c7cc8c(-c9ccc(CC(CC)CCCC)s9)c9sc(/C=C%10/SC(=O)N(CC)C%10=O)cc9c(-c9ccc(CC(CC)CCCC)s9)c8s7)cc6c(-c6cc(F)c(CC(CC)CCCC)s6)c5s4)sc3c(-c3ccc(CC(CC)CCCC)s3)c3cc(/C=C4/SC(=O)N(CC)C4=O)sc23)s1,5.64,-3.61,587.0,F-2Cl,5.83,-3.9,760.0,1.07,13.46,53.2,7.66,1.25,2.03,1.93,0.1900000000000004,0.29,✅ OK
3BDT-4,CCCCCCN1C(=O)S/C(=C/c2ccc(-c3ccc(-c4cc5c(-c6ccc(CC(CC)CCCC)s6)c6sc(-c7cc8c(-c9ccc(CC(CC)CCCC)s9)c9sc(-c%10cc%11c(-c%12ccc(CC(CC)CCCC)s%12)c%12sc(-c%13ccc(-c%14ccc(/C=C%15/SC(=O)N(CCCCCC)C%15=O)s%14)s%13)cc%12c(-c%12ccc(CC(CC)CCCC)s%12)c%11s%10)cc9c(-c9ccc(CC(CC)CCCC)s9)c8s7)cc6c(-c6ccc(CC(CC)CCCC)s6)c5s4)s3)s2)C1=O,5.15,-3.44,564.0,Y6,5.7,-4.08,833.0,0.829,17.0,41.3,5.82,1.2,1.7100000000000004,1.62,0.5499999999999998,0.6400000000000001,✅ OK
3BDT-5,CCCCC(CC)COC(=O)/C(C#N)=C/c1ccc(-c2ccc(-c3cc4c(-c5ccc(CC(CC)CCCC)s5)c5sc(-c6cc7c(-c8ccc(CC(CC)CCCC)s8)c8sc(-c9cc%10c(-c%11ccc(CC(CC)CCCC)s%11)c%11sc(-c%12ccc(-c%13ccc(/C=C(\C#N)C(=O)OCC(CC)CCCC)s%13)s%12)cc%11c(-c%11ccc(CC(CC)CCCC)s%11)c%10s9)cc8c(-c8ccc(CC(CC)CCCC)s8)c7s6)cc5c(-c5ccc(CC(CC)CCCC)s5)c4s3)s2)s1,5.15,-3.4,550.0,Y6,5.7,-4.08,833.0,0.84,21.3,58.1,10.4,1.2,1.7500000000000004,1.62,0.5499999999999998,0.6800000000000002,✅ OK
DR3TBDTT,CCCCCCCCc1cc(/C=C2/SC(=S)N(CC)C2=O)sc1-c1ccc(-c2sc(-c3cc4c(-c5ccc(CC(CC)CCCC)s5)c5sc(-c6cc(CCCCCCCC)c(-c7ccc(-c8sc(/C=C9/SC(=S)N(CC)C9=O)cc8CCCCCCCC)s7)s6)cc5c(-c5ccc(CC(CC)CCCC)s5)c4s3)cc2CCCCCCCC)s1,5.02,-3.27,637.0,0-IDTBR,5.51,-3.88,731.0,1.15,11.06,50.0,6.36,1.2,1.7499999999999996,1.63,0.4900000000000002,0.6099999999999999,✅ OK
BT-2F,CCCCCCc1cc(-c2ccc(/C=C(\C#N)C(=O)OCC(CC)CCCC)s2)sc1-c1sc(-c2cc3c(-c4sc(CC(CC)CCCC)c(F)c4F)c4sc(-c5cc(CCCCCC)c(-c6sc(-c7ccc(/C=C(\C#N)C(=O)OCC(CC)CCCC)s7)cc6CCCCCC)s5)cc4c(-c4sc(CC(CC)CCCC)c(F)c4F)c3s2)cc1CCCCCC,5.4,-3.4,611.0,N3,5.64,-4.08,751.0,0.84,23.81,70.22,14.09,1.0,2.0000000000000004,1.5599999999999996,0.2399999999999993,0.6800000000000002,✅ OK
BDT(X1),CCCCCCc1cc(-c2c3cc(-c4cc(CCCCCC)c(-c5sc(-c6ccc(/C=C(\C#N)C(=O)OCCCCC)s6)cc5CCCCCC)s4)sc3c(-c3cc(CCCCCC)c(CC(CC)CCCC)s3)c3cc(-c4cc(CCCCCC)c(-c5sc(-c6ccc(/C=C(\C#N)C(=O)OCCCCC)s6)cc5CCCCCC)s4)sc23)sc1CC(CC)CCCC,5.29,-3.64,563.0,IDIC,5.65,-3.97,710.0,0.92,13.26,71.0,8.69,1.0,1.65,1.6800000000000002,0.3600000000000003,0.33,✅ OK
BDT(X2),CCCCCCc1cc(-c2c3cc(-c4cc(CCCCCC)c(-c5sc(-c6ccc(/C=C(\C#N)C(=O)OCC)s6)cc5CCCCCC)s4)sc3c(-c3cc(CCCCCC)c(CC(CC)CCCC)s3)c3cc(-c4cc(CCCCCC)c(-c5sc(-c6ccc(/C=C(\C#N)C(=O)OCC)s6)cc5CCCCCC)s4)sc23)sc1CC(CC)CCCC,5.32,-3.63,563.0,IDIC,5.65,-3.97,710.0,0.94,12.9,58.0,7.04,1.0,1.6900000000000004,1.6800000000000002,0.33,0.3400000000000003,✅ OK
BTR,CCCCCCc1cc(-c2c3cc(-c4cc(CCCCCC)c(-c5cc(CCCCCC)c(-c6ccc(/C=C7\SC(=S)N(CCCCCC)C7=O)s6)s5)s4)sc3c(-c3cc(CCCCCC)c(CC(CC)CCCC)s3)c3cc(-c4cc(CCCCCC)c(-c5cc(CCCCCC)c(-c6ccc(/C=C7\SC(=S)N(CCCCCC)C7=O)s6)s5)s4)sc23)sc1CC(CC)CCCC,5.34,-3.53,620.0,Y6,5.7,-4.08,833.0,0.85,22.25,56.4,10.67,1.0,1.81,1.62,0.3600000000000003,0.5500000000000003,✅ OK
BTR-Cl,CCCCCCc1cc(-c2cc3c(-c4cc(Cl)c(CC(CC)CCCC)s4)c4sc(-c5cc(CCCCCC)c(-c6cc(CCCCCC)c(-c7ccc(/C=C8\SC(=S)N(CCCCCC)C8=O)s7)s6)s5)cc4c(-c4cc(Cl)c(CC(CC)CCCC)s4)c3s2)sc1-c1cc(CCCCCC)c(-c2ccc(/C=C3\SC(=S)N(CCCCCC)C3=O)s2)s1,5.46,-3.7,573.0,Y6,5.7,-4.08,833.0,0.86,24.17,65.5,13.61,1.0,1.7599999999999998,1.62,0.2400000000000002,0.3799999999999999,✅ OK
BTR-Cl,CCCCCCc1cc(-c2cc3c(-c4cc(Cl)c(CC(CC)CCCC)s4)c4sc(-c5cc(CCCCCC)c(-c6cc(CCCCCC)c(-c7ccc(/C=C8\SC(=S)N(CCCCCC)C8=O)s7)s6)s5)cc4c(-c4cc(Cl)c(CC(CC)CCCC)s4)c3s2)sc1-c1cc(CCCCCC)c(-c2ccc(/C=C3\SC(=S)N(CCCCCC)C3=O)s2)s1,5.46,-3.7,573.0,BTP-FCl-FCl,5.7,-3.9,845.0,0.825,24.58,75.36,15.3,1.0,1.7599999999999998,1.8000000000000005,0.2400000000000002,0.1999999999999997,✅ OK
BTR,CCCCCCc1cc(-c2c3cc(-c4cc(CCCCCC)c(-c5cc(CCCCCC)c(-c6ccc(/C=C7\SC(=S)N(CCCCCC)C7=O)s6)s5)s4)sc3c(-c3cc(CCCCCC)c(CC(CC)CCCC)s3)c3cc(-c4cc(CCCCCC)c(-c5cc(CCCCCC)c(-c6ccc(/C=C7\SC(=S)N(CCCCCC)C7=O)s6)s5)s4)sc23)sc1CC(CC)CCCC,5.34,-3.51,620.0,BO-4Cl,5.69,-3.87,822.0,0.83,17.91,66.0,10.4,1.0,1.83,1.8200000000000005,0.3500000000000005,0.3600000000000003,✅ OK
NDTSR,CCCCCCCCc1cc(-c2cc3c(-c4ccc(SCC(CC)CCCC)s4)cc4c(cc(-c5ccc(SCC(CC)CCCC)s5)c5cc(-c6cc(CCCCCCCC)c(-c7cc(CCCCCCCC)c(-c8ccc(/C=C9/SC(=S)N(CC)C9=O)s8)s7)s6)sc54)c3s2)sc1-c1cc(CCCCCCCC)c(-c2ccc(/C=C3/SC(=S)N(CC)C3=O)s2)s1,5.25,-3.5,530.0,IDIC,5.65,-3.97,710.0,0.92,14.13,61.95,8.05,1.6667,1.75,1.6800000000000002,0.4000000000000003,0.4700000000000002,✅ OK
ZR2-C1,CCCCCCCCc1cc(-c2cc3sc4c(-c5ccc(CC(CCCC)CCCCCC)s5)c5c(sc6cc(-c7cc(CCCCCCCC)c(-c8ccc(/C=C9\SC(=S)N(CCCCCC)C9=O)s8)s7)sc65)c(-c5ccc(CC(CCCC)CCCCCC)s5)c4c3s2)sc1-c1ccc(/C=C2\SC(=S)N(CCCCCC)C2=O)s1,5.36,-3.55,566.0,Y6,5.7,-4.08,833.0,0.852,21.35,65.12,11.79,1.8182,1.8100000000000005,1.62,0.3399999999999998,0.5300000000000002,✅ OK
ZR2-C1,CCCCCCCCc1cc(-c2cc3sc4c(-c5ccc(CC(CCCC)CCCCCC)s5)c5c(sc6cc(-c7cc(CCCCCCCC)c(-c8ccc(/C=C9\SC(=S)N(CCCCCC)C9=O)s8)s7)sc65)c(-c5ccc(CC(CCCC)CCCCCC)s5)c4c3s2)sc1-c1ccc(/C=C2\SC(=S)N(CCCCCC)C2=O)s1,5.36,-3.55,566.0,IDIC-4F,5.66,-4.14,803.0,0.796,18.15,64.16,9.27,1.6667,1.8100000000000005,1.5200000000000005,0.2999999999999998,0.5899999999999999,✅ OK
ZR2-C2,CCCCCCCCc1cc(-c2cc3sc4c(-c5ccc(CCC(CCCC)CCCCCC)s5)c5c(sc6cc(-c7cc(CCCCCCCC)c(-c8ccc(/C=C9\SC(=S)N(CCCCCC)C9=O)s8)s7)sc65)c(-c5ccc(CCC(CCCC)CCCCCC)s5)c4c3s2)sc1-c1ccc(/C=C2\SC(=S)N(CCCCCC)C2=O)s1,5.35,-3.5,622.0,Y6,5.7,-4.08,833.0,0.852,23.03,65.43,12.84,1.8182,1.85,1.62,0.3500000000000005,0.5800000000000001,✅ OK
ZR2-C2,CCCCCCCCc1cc(-c2cc3sc4c(-c5ccc(CCC(CCCC)CCCCCC)s5)c5c(sc6cc(-c7cc(CCCCCCCC)c(-c8ccc(/C=C9\SC(=S)N(CCCCCC)C9=O)s8)s7)sc65)c(-c5ccc(CCC(CCCC)CCCCCC)s5)c4c3s2)sc1-c1ccc(/C=C2\SC(=S)N(CCCCCC)C2=O)s1,5.35,-3.5,622.0,IDIC-4F,5.66,-4.14,803.0,0.783,18.27,69.29,9.91,1.6667,1.85,1.5200000000000005,0.3100000000000005,0.6399999999999997,✅ OK
ZR2-C3,CCCCCCCCc1cc(-c2cc3sc4c(-c5ccc(CCCC(CCCC)CCCCCC)s5)c5c(sc6cc(-c7cc(CCCCCCCC)c(-c8ccc(/C=C9\SC(=S)N(CCCCCC)C9=O)s8)s7)sc65)c(-c5ccc(CCCC(CCCC)CCCCCC)s5)c4c3s2)sc1-c1ccc(/C=C2\SC(=S)N(CCCCCC)C2=O)s1,5.34,-3.5,625.0,Y6,5.7,-4.08,833.0,0.854,24.69,70.06,14.78,1.8182,1.84,1.62,0.3600000000000003,0.5800000000000001,✅ OK
ZR2-C3,CCCCCCCCc1cc(-c2cc3sc4c(-c5ccc(CCCC(CCCC)CCCCCC)s5)c5c(sc6cc(-c7cc(CCCCCCCC)c(-c8ccc(/C=C9\SC(=S)N(CCCCCC)C9=O)s8)s7)sc65)c(-c5ccc(CCCC(CCCC)CCCCCC)s5)c4c3s2)sc1-c1ccc(/C=C2\SC(=S)N(CCCCCC)C2=O)s1,5.34,-3.5,625.0,IDIC-4F,5.66,-4.14,803.0,0.776,18.95,70.41,10.35,1.6667,1.84,1.5200000000000005,0.3200000000000003,0.6399999999999997,✅ OK
DR3TBDTT,CCCCCCCCc1cc(/C=C2/SC(=S)N(CC)C2=O)sc1-c1ccc(-c2sc(-c3cc4c(-c5ccc(CC(CC)CCCC)s5)c5sc(-c6cc(CCCCCCCC)c(-c7ccc(-c8sc(/C=C9/SC(=S)N(CC)C9=O)cc8CCCCCCCC)s7)s6)cc5c(-c5ccc(CC(CC)CCCC)s5)c4s3)cc2CCCCCCCC)s1,5.17,-3.34,650.0,Y6,5.7,-4.08,833.0,0.78,23.64,66.06,12.18,1.8,1.83,1.62,0.5300000000000002,0.7400000000000002,✅ OK
H11,CCCCCCCCC(CCCCCC)Cn1nc2c(-c3ccc(/C=C(\C#N)C(=O)OCC(CC)CCCC)s3)c(F)c(F)c(-c3ccc(-c4cc5c(-c6ccc(CC(CC)CCCC)s6)c6sc(-c7ccc(-c8c(F)c(F)c(-c9ccc(/C=C(\C#N)C(=O)OCC(CC)CCCC)s9)c9nn(CC(CCCCCC)CCCCCCCC)nc89)s7)cc6c(-c6ccc(CC(CC)CCCC)s6)c5s4)s3)c2n1,5.31,-3.03,605.0,IDIC,5.65,-3.97,710.0,0.977,15.21,65.46,9.73,2.0,2.28,1.6800000000000002,0.3400000000000007,0.9400000000000004,✅ OK
H12,CCCCCCCCC(CCCCCC)Cn1nc2c(-c3ccc(/C=C(\C#N)C(=O)OCC(CC)CCCC)s3)c(F)c(F)c(-c3ccc(-c4cc5c(OCC(CC)CCCC)c6sc(-c7ccc(-c8c(F)c(F)c(-c9ccc(/C=C(\C#N)C(=O)OCC(CC)CCCC)s9)c9nn(CC(CCCCCC)CCCCCCCC)nc89)s7)cc6c(OCC(CC)CCCC)c5s4)s3)c2n1,5.28,-3.01,605.0,IDIC,5.65,-3.97,710.0,0.955,10.51,54.89,5.51,2.0,2.2700000000000005,1.6800000000000002,0.3700000000000001,0.9600000000000004,✅ OK
H13,CCCCCCCCC(CCCCCC)Cn1nc2c(-c3ccc(/C=C(\C#N)C(=O)OCC(CC)CCCC)s3)c(F)c(F)c(-c3ccc(-c4cc5c(-c6cc(F)c(CC(CC)CCCC)s6)c6sc(-c7ccc(-c8c(F)c(F)c(-c9ccc(/C=C(\C#N)C(=O)OCC(CC)CCCC)s9)c9nn(CC(CCCCCC)CCCCCCCC)nc89)s7)cc6c(-c6cc(F)c(CC(CC)CCCC)s6)c5s4)s3)c2n1,5.43,-3.39,605.0,IDIC-4F,5.66,-4.14,803.0,0.939,17.3,63.2,10.3,2.0,2.04,1.5200000000000005,0.2300000000000004,0.7499999999999996,✅ OK
H14,CCCCCCCCC(CCCCCC)Cn1nc2c(-c3ccc(/C=C(\C#N)C(=O)OCC(CC)CCCC)s3)c(F)c(F)c(-c3ccc(-c4cc5c(-c6cc(Cl)c(CC(CC)CCCC)s6)c6sc(-c7ccc(-c8c(F)c(F)c(-c9ccc(/C=C(\C#N)C(=O)OCC(CC)CCCC)s9)c9nn(CC(CCCCCC)CCCCCCCC)nc89)s7)cc6c(-c6cc(Cl)c(CC(CC)CCCC)s6)c5s4)s3)c2n1,5.46,-3.47,605.0,IDIC-4F,5.66,-4.14,803.0,0.943,18.3,70.2,12.1,2.0,1.99,1.5200000000000005,0.2000000000000001,0.6699999999999995,✅ OK
BDT(TVT-SR)2,CCCCCCCCC(CCCCCC)Cn1nc2c(-c3ccc(/C=C(\C#N)C(=O)OCC(CC)CCCC)s3)c(F)c(F)c(-c3ccc(-c4cc5c(-c6ccc(/C=C/c7ccc(SCC(CC)CCCC)s7)s6)c6sc(-c7ccc(-c8c(F)c(F)c(-c9ccc(/C=C(\C#N)C(=O)OCC(CC)CCCC)s9)c9nn(CC(CCCCCC)CCCCCCCC)nc89)s7)cc6c(-c6ccc(/C=C/c7ccc(SCC(CC)CCCC)s7)s6)c5s4)s3)c2n1,5.33,-3.18,603.0,IDIC,5.65,-3.97,710.0,0.98,15.92,71.15,11.1,2.0,2.15,1.6800000000000002,0.3200000000000003,0.79,✅ OK
SM-BT-2OR,CCCCCCCCOc1cc(-c2ccc(-c3ccc(/C=C(\C#N)C(=O)OCC(CC)CCCC)s3)c3nsnc23)sc1-c1cc2c(-c3ccc(CC(CC)CCCC)s3)c3sc(-c4sc(-c5ccc(-c6ccc(/C=C(\C#N)C(=O)OCC(CC)CCCC)s6)c6nsnc56)cc4OCCCCCCCC)cc3c(-c3ccc(CC(CC)CCCC)s3)c2s1,5.34,-2.12,584.0,IDIC,5.65,-3.97,710.0,0.939,13.57,56.5,7.2,2.0,3.22,1.6800000000000002,0.3100000000000005,1.85,✅ OK
SM-BT-2F,CCCCCCCCOc1cc(-c2c(F)c(F)c(-c3ccc(/C=C(\C#N)C(=O)OCC(CC)CCCC)s3)c3nsnc23)sc1-c1cc2c(-c3ccc(CC(CC)CCCC)s3)c3sc(-c4sc(-c5c(F)c(F)c(-c6ccc(/C=C(\C#N)C(=O)OCC(CC)CCCC)s6)c6nsnc56)cc4OCCCCCCCC)cc3c(-c3ccc(CC(CC)CCCC)s3)c2s1,5.36,-2.26,606.0,IDIC,5.65,-3.97,710.0,0.987,5.36,30.2,1.6,2.0,3.1000000000000005,1.6800000000000002,0.29,1.7100000000000004,✅ OK
BDT3TR,CCCCCCCCc1cc(/C=C2/SC(=O)N(CC)C2=O)sc1-c1cc(CCCCCCCC)c(-c2sc(-c3cc4c(-c5ccc(CC(CC)CCCC)s5)c5sc(-c6cc7c(-c8ccc(CC(CC)CCCC)s8)c8sc(-c9cc%10c(-c%11ccc(CC(CC)CCCC)s%11)c%11sc(-c%12cc(CCCCCCCC)c(-c%13sc(-c%14sc(/C=C%15/SC(=O)N(CC)C%15=O)cc%14CCCCCCCC)cc%13CCCCCCCC)s%12)cc%11c(-c%11ccc(CC(CC)CCCC)s%11)c%10s9)cc8c(-c8ccc(CC(CC)CCCC)s8)c7s6)cc5c(-c5ccc(CC(CC)CCCC)s5)c4s3)cc2CCCCCCCC)s1,5.1,-3.28,572.0,O-IDTBR,5.51,-3.88,731.0,1.06,12.1,55.0,7.09,1.0,1.82,1.63,0.4100000000000001,0.6000000000000001,✅ OK
DRC4TB,CCCCCCCCc1cc(-c2cc3c(-c4cccs4)c4sc(-c5cc(CCCCCCCC)c(-c6cc(OC(CC)CCCC)c(-c7ccc(/C=C8/SC(=S)N(CCCC)C8=O)s7)cc6OC(CC)CCCC)s5)cc4c(-c4cccs4)c3s2)sc1-c1cc(OC(CC)CCCC)c(-c2ccc(/C=C3/SC(=S)N(CCCC)C3=O)s2)cc1OC(CC)CCCC,5.25,-3.21,606.0,Hf-PCIC,5.41,-3.84,780.0,0.9,15.21,65.5,8.68,1.5,2.04,1.5700000000000005,0.1600000000000001,0.6299999999999999,✅ OK
SM,CCCCCCCCc1cc(/C=C(\C#N)C(=O)OCC)sc1-c1ccc(-c2sc(-c3cc4c(-c5ccc(CC(CC)CCCC)s5)c5sc(-c6cc(CCCCCCCC)c(-c7ccc(-c8sc(/C=C(\C#N)C(=O)OCC)cc8CCCCCCCC)s7)s6)cc5c(-c5ccc(CC(CC)CCCC)s5)c4s3)cc2CCCCCCCC)s1,5.25,-3.33,616.0,IDIC,5.65,-3.97,710.0,0.911,15.51,67.85,9.39,2.0,1.92,1.6800000000000002,0.4000000000000003,0.6400000000000001,✅ OK
SM-Cl,CCCCCCCCc1cc(/C=C(\C#N)C(=O)OCC)sc1-c1ccc(-c2sc(-c3cc4c(-c5sc(CC(CC)CCCC)cc5Cl)c5sc(-c6cc(CCCCCCCC)c(-c7ccc(-c8sc(/C=C(\C#N)C(=O)OCC)cc8CCCCCCCC)s7)s6)cc5c(-c5sc(CC(CC)CCCC)cc5Cl)c4s3)cc2CCCCCCCC)s1,5.42,-3.34,601.0,IDIC,5.65,-3.97,710.0,0.972,12.61,63.08,7.73,2.0,2.08,1.6800000000000002,0.2300000000000004,0.6300000000000003,✅ OK
DFDT(DDP)2,CCCCC(CC)CN1C(=O)C2=C(c3ccc(-c4ccc(-c5ccc(-c6ccc(C7=C8C(=O)N(CC(CC)CCCC)C(c9cccs9)=C8C(=O)N7CC(CC)CCCC)s6)s5)s4)s3)N(CC(CC)CCCC)C(=O)C2=C1c1cccs1,5.39,-3.51,616.0,IDIC,5.65,-3.97,710.0,0.99,14.79,47.9,7.01,1.0,1.88,1.6800000000000002,0.2600000000000007,0.4600000000000004,✅ OK
DFDT(DDP)2,CCCCC(CC)CN1C(=O)C2=C(c3ccc(-c4ccc(-c5ccc(-c6ccc(C7=C8C(=O)N(CC(CC)CCCC)C(c9cccs9)=C8C(=O)N7CC(CC)CCCC)s6)s5)s4)s3)N(CC(CC)CCCC)C(=O)C2=C1c1cccs1,5.39,-3.51,616.0,IDIC-4F,5.66,-4.14,803.0,0.86,16.83,65.2,9.43,1.0,1.88,1.5200000000000005,0.2700000000000004,0.6299999999999999,✅ OK
D5T2F-P,CCCCCCCCc1cc(/C=c2\sc(=C(C#N)C#N)n(CC)c2=O)sc1-c1cc(CCCCCCCC)c(-c2sc(-c3sc(-c4sc(/C=c5\sc(=C(C#N)C#N)n(CC)c5=O)cc4CCCCCCCC)cc3CCCCCCCC)c(F)c2F)s1,5.34,-3.59,708.0,IDIC-4F,5.66,-4.14,803.0,0.86,16.85,63.0,9.36,1.5,1.75,1.5200000000000005,0.3200000000000003,0.5499999999999998,✅ OK
D5T2F-S,CCCCCCCCc1cc(/C=c2\sc(=C(C#N)C#N)n(CC)c2=O)sc1-c1sc(-c2ccc(-c3sc(-c4sc(/C=c5\sc(=C(C#N)C#N)n(CC)c5=O)cc4CCCCCCCC)c(F)c3CCCCCCCC)s2)c(CCCCCCCC)c1F,5.29,-3.45,600.0,IDIC-4F,5.66,-4.14,803.0,0.72,15.38,56.0,6.43,1.5,1.84,1.5200000000000005,0.3700000000000001,0.6899999999999995,✅ OK
D5T2F-T,CCCCCCCCc1cc(-c2sc(/C=c3\sc(=C(C#N)C#N)n(CC)c3=O)c(F)c2CCCCCCCC)sc1-c1ccc(-c2sc(-c3sc(/C=c4\sc(=C(C#N)C#N)n(CC)c4=O)c(F)c3CCCCCCCC)cc2CCCCCCCC)s1,5.24,-3.49,660.0,IDIC-4F,5.66,-4.14,803.0,0.84,10.73,54.1,5.29,1.5,1.75,1.5200000000000005,0.4199999999999999,0.6499999999999995,✅ OK
BDT-2T-DVC-Me,CCCCC(CC)Cc1ccc(-c2c3cc(-c4ccc(-c5ccc(C(C)=C(C#N)C#N)s5)s4)sc3c(-c3ccc(CC(CC)CCCC)s3)c3cc(-c4ccc(-c5ccc(C(C)=C(C#N)C#N)s5)s4)sc23)s1,5.56,-3.35,600.0,IDIC,5.65,-3.97,710.0,1.06,4.75,29.31,1.56,1.0,2.2099999999999995,1.6800000000000002,0.0900000000000007,0.6200000000000001,✅ OK
BDT-2T-CNAB,CCCCOC(=O)/C(C#N)=C/c1ccc(-c2ccc(-c3cc4c(-c5ccc(CC(CC)CCCC)s5)c5sc(-c6ccc(-c7ccc(/C=C(\C#N)C(=O)OCCCC)s7)s6)cc5c(-c5ccc(CC(CC)CCCC)s5)c4s3)s2)s1,5.54,-3.31,600.0,IDIC,5.65,-3.97,710.0,1.04,10.1,58.84,6.17,1.0,2.23,1.6800000000000002,0.1100000000000003,0.6600000000000001,✅ OK
2FDC5T,CCCCCCCCc1cc(/C=c2\sc(=C(C#N)C#N)n(CC)c2=O)sc1-c1sc(-c2sc(-c3sc(-c4sc(/C=c5\sc(=C(C#N)C#N)n(CC)c5=O)cc4CCCCCCCC)c(CCCCCCCC)c3CCCCCCCC)c(F)c2F)c(CCCCCCCC)c1CCCCCCCC,5.18,-3.45,575.0,IDIC-4F,5.66,-4.14,803.0,0.92,17.53,54.87,9.02,1.0,1.7299999999999995,1.5200000000000005,0.4800000000000004,0.6899999999999995,✅ OK
DC5T,CCCCCCCCc1cc(/C=c2\sc(=C(C#N)C#N)n(CC)c2=O)sc1-c1sc(-c2ccc(-c3sc(-c4sc(/C=c5\sc(=C(C#N)C#N)n(CC)c5=O)cc4CCCCCCCC)c(CCCCCCCC)c3CCCCCCCC)s2)c(CCCCCCCC)c1CCCCCCCC,5.34,-3.57,590.0,IDIC-4F,5.66,-4.14,803.0,0.86,12.34,66.25,7.03,1.0,1.77,1.5200000000000005,0.3200000000000003,0.5699999999999998,✅ OK
CBTSeEHR,CCCCCCCCc1cc(/C=C2/SC(=S)N(CC(CC)CCCC)C2=O)sc1-c1ccc(-c2sc(-c3cc4c(-c5cc(Cl)c(CC(CC)CCCC)s5)c5sc(-c6cc(CCCCCCCC)c(-c7ccc(-c8sc(/C=C9/SC(=S)N(CC(CC)CCCC)C9=O)cc8CCCCCCCC)[se]7)s6)cc5c(-c5cc(Cl)c(CC(CC)CCCC)s5)c4s3)cc2CCCCCCCC)[se]1,5.45,-3.61,630.0,FO-2Cl,5.41,-3.83,765.0,0.871,15.28,69.8,9.3,0.8333,1.8400000000000003,1.58,0.04,0.2200000000000002,✅ OK
C-F,CCCCCCCCc1cc(-c2cc3c(-c4ccc(CC(CC)CCCC)cc4)c4sc(-c5cc(CCCCCCCC)c(-c6cc(CCCCCC)c(/C=C7/SC(=S)N(CCCCCC)C7=O)s6)s5)cc4c(-c4ccc(CC(CC)CCCC)cc4)c3s2)sc1-c1cc(CCCCCC)c(/C=C2/SC(=S)N(CCCCCC)C2=O)s1,5.29,-3.53,559.0,N3,5.64,-4.08,751.0,0.79,20.51,47.52,7.76,1.6,1.7600000000000002,1.5599999999999996,0.3499999999999996,0.5500000000000003,✅ OK
BBTSM-2,CCCCCCCCC(CCCCCC)Cc1ccc(-c2c3nc(-c4cc(CCCCCC)c(-c5ccc(-c6sc(/C=C(/C#N)C(=O)OCC(CC)CCCC)cc6CCCCCC)s5)s4)sc3c(-c3ccc(CC(CCCCCC)CCCCCCCC)s3)c3nc(-c4cc(CCCCCC)c(-c5ccc(-c6sc(/C=C(/C#N)C(=O)OCC(CC)CCCC)cc6CCCCCC)s5)s4)sc23)s1,5.5,-3.47,611.0,Y6,5.7,-4.08,833.0,0.78,16.7,43.7,5.7,1.2,2.03,1.62,0.2000000000000001,0.6099999999999999,✅ OK
3DTBDT-Cl,CCCCCCCCC(CCCCCC)Cc1ccc(-c2c3sc4cc(-c5cc6sc7c(-c8cc(Cl)c(CC(CCCCCC)CCCCCCCC)s8)c8c(sc9cc(-c%10cc%11sc%12c(-c%13ccc(CC(CCCCCC)CCCCCCCC)s%13)c%13c(sc%14cc(/C=C%15/SC(=S)N(CCCCCC)C%15=O)sc%14%13)c(-c%13ccc(CC(CCCCCC)CCCCCCCC)s%13)c%12c%11s%10)sc98)c(-c8cc(Cl)c(CC(CCCCCC)CCCCCCCC)s8)c7c6s5)sc4c3c(-c3ccc(CC(CCCCCC)CCCCCCCC)s3)c3sc4cc(/C=C5/SC(=S)N(CCCCCC)C5=O)sc4c23)s1,5.48,-3.55,596.0,L8-BO,5.69,-3.91,800.0,0.92,18.8,62.62,10.83,1.0,1.9300000000000008,1.7800000000000002,0.2099999999999999,0.3600000000000003,✅ OK
ZW2,CCCCCCCCc1nc(-c2cc3c(-c4cc(F)c(CC(CC)CCCC)s4)c4sc(-c5nc(CCCCCCCC)c(-c6sc(-c7ccc(/C=C8/SC(=S)N(CC(CC)CCCC)C8=O)s7)cc6CCCCCC)s5)nc4c(-c4cc(F)c(CC(CC)CCCC)s4)c3s2)sc1-c1nc(CCCCCC)c(-c2ccc(/C=C3/SC(=S)N(CC(CC)CCCC)C3=O)s2)s1,5.59,-3.56,550.0,6TIC,5.39,-4.02,790.0,0.813,14.32,45.7,5.32,1.0,2.03,1.37,0.2000000000000001,0.4599999999999995,✅ OK
DRTB-O,CCCCC(CC)COc1c2cc(-c3cc4c(OCC(CC)CCCC)c5sc(-c6cc7c(OCC(CC)CCCC)c8sc(/C=C9/SC(=O)N(CC)C9=O)cc8c(OCC(CC)CCCC)c7s6)cc5c(OCC(CC)CCCC)c4s3)sc2c(OCC(CC)CCCC)c2cc(/C=C3/SC(=O)N(CC)C3=O)sc12,5.5,-3.56,572.0,IDIC,5.65,-3.97,710.0,0.99,0.57,27.0,0.15,1.0,1.94,1.6800000000000002,0.1500000000000003,0.4100000000000001,✅ OK
BSFTR,CCCCCCc1cc(-c2cc3c(-c4cc(F)c(SC(CC)CCCC)s4)c4sc(-c5cc(CCCCCC)c(-c6cc(CCCCCC)c(-c7ccc(/C=C8/SC(=S)N(C(CC)CCCC)C8=O)s7)s6)s5)cc4c(-c4cc(F)c(SC(CC)CCCC)s4)c3s2)sc1-c1cc(CCCCCC)c(-c2ccc(/C=C3/SC(=S)N(C(CC)CCCC)C3=O)s2)s1,5.59,-3.61,568.0,IDIC,5.65,-3.97,710.0,0.98,9.3,70.88,6.43,1.25,1.98,1.6800000000000002,0.0600000000000005,0.3600000000000003,✅ OK
SM-BT-2F,CCCCCCCCOc1cc(-c2c(F)c(F)c(-c3ccc(/C=C(\C#N)C(=O)OCC(CC)CCCC)s3)c3nsnc23)sc1-c1cc2c(-c3ccc(CC(CC)CCCC)s3)c3sc(-c4sc(-c5c(F)c(F)c(-c6ccc(/C=C(\C#N)C(=O)OCC(CC)CCCC)s6)c6nsnc56)cc4OCCCCCCCC)cc3c(-c3ccc(CC(CC)CCCC)s3)c2s1,5.36,-3.26,606.0,IDIC,5.65,-3.97,710.0,0.98,6.74,41.7,2.76,2.0,2.1000000000000005,1.6800000000000002,0.29,0.7100000000000004,✅ OK
SBDT-BDD,CCCCC(CC)Sc1ccc(-c2c3cc(-c4ccc(-c5sc(-c6ccc(/C=C7/SC(=S)N(CC)C7=O)s6)c6c5C(=O)c5c(C(CC)CCCC)sc(C(CC)CCCC)c5C6=O)s4)sc3c(-c3ccc(SC(CC)CCCC)s3)c3cc(-c4ccc(-c5sc(-c6ccc(/C=C7/SC(=S)N(CC)C7=O)s6)c6c5C(=O)c5c(C(CC)CCCC)sc(C(CC)CCCC)c5C6=O)s4)sc23)s1,5.25,-3.55,521.0,IDIC,5.65,-3.97,710.0,0.98,15.15,62.4,9.2,1.0,1.7000000000000002,1.6800000000000002,0.4000000000000003,0.4200000000000004,✅ OK
BTR-Cl,CCCCCCc1cc(-c2cc3c(-c4cc(Cl)c(CC(CC)CCCC)s4)c4sc(-c5cc(CCCCCC)c(-c6cc(CCCCCC)c(-c7ccc(/C=C8\SC(=S)N(CCCCCC)C8=O)s7)s6)s5)cc4c(-c4cc(Cl)c(CC(CC)CCCC)s4)c3s2)sc1-c1cc(CCCCCC)c(-c2ccc(/C=C3\SC(=S)N(CCCCCC)C3=O)s2)s1,5.3,-2.79,580.0,L8-Bo,5.69,-3.91,800.0,0.86,22.91,73.0,15.0,1.4,2.51,1.7800000000000002,0.3900000000000005,1.12,✅ OK
TB,CCCCCCc1cc(-c2cc3c(-c4cc(Cl)c(CC(CC)CCCC)s4)c4sc(-c5cc(CCCCCC)c(-c6cc(CCCCCC)c(-c7ccc(/C=C8\SC(=S)N(CCCCCC)C8=O)s7)s6)s5)cc4c(-c4ccc(SC(CC)CCCC)cc4)c3s2)sc1-c1cc(CCCCCC)c(-c2ccc(/C=C3\SC(=S)N(CCCCCC)C3=O)s2)s1,5.28,-2.76,580.0,L8-Bo,5.69,-3.91,800.0,0.86,24.67,74.2,15.8,1.4,2.5200000000000005,1.7800000000000002,0.4100000000000001,1.1500000000000004,✅ OK
TB-F,CCCCCCc1cc(-c2cc3c(-c4cc(Cl)c(CC(CC)CCCC)s4)c4sc(-c5cc(CCCCCC)c(-c6cc(CCCCCC)c(-c7ccc(/C=C8\SC(=S)N(CCCCCC)C8=O)s7)s6)s5)cc4c(-c4ccc(SC(CC)CCCC)c(F)c4)c3s2)sc1-c1cc(CCCCCC)c(-c2ccc(/C=C3\SC(=S)N(CCCCCC)C3=O)s2)s1,5.31,-2.8,580.0,L8-Bo,5.69,-3.91,800.0,0.87,25.41,76.7,17.0,0.7,2.51,1.7800000000000002,0.3800000000000008,1.1100000000000003,✅ OK
H21,CCCCCCCCc1cc(/C=C2/SC(=O)N(CC)C2=O)sc1-c1ccc(-c2sc(-c3cc4c(-c5ccc([Si](CCC)(CCC)CCC)s5)c5sc(-c6cc(CCCCCCCC)c(-c7ccc(-c8sc(/C=C9/SC(=O)N(CC)C9=O)cc8CCCCCCCC)s7)s6)cc5c(-c5ccc([Si](CCC)(CCC)CCC)s5)c4s3)cc2CCCCCCCC)s1,5.38,-3.63,685.0,IDIC,5.65,-3.97,710.0,0.895,13.0,65.58,7.62,1.5,1.75,1.6800000000000002,0.2700000000000004,0.3400000000000003,✅ OK
H22,CCCCCCCCc1cc(/C=C(\C#N)C(=O)OCC(CC)CCCC)sc1-c1ccc(-c2sc(-c3cc4c(-c5ccc([Si](CCC)(CCC)CCC)s5)c5sc(-c6cc(CCCCCCCC)c(-c7ccc(-c8sc(/C=C(\C#N)C(=O)OCC(CC)CCCC)cc8CCCCCCCC)s7)s6)cc5c(-c5ccc([Si](CCC)(CCC)CCC)s5)c4s3)cc2CCCCCCCC)s1,5.39,-3.59,655.0,IDIC,5.65,-3.97,710.0,0.942,15.38,71.15,10.29,1.5,1.7999999999999998,1.6800000000000002,0.2600000000000007,0.3800000000000003,✅ OK
BDT-2DPP,CCCCC(CC)Cc1ccc(-c2c3cc(-c4ccc(C5=C6C(=O)N(CC(CC)CCCC)C(c7cccs7)=C6C(=O)N5CC(CC)CCCC)s4)sc3c(-c3ccc(CC(CC)CCCC)s3)c3cc(-c4ccc(C5=C6C(=O)N(CC(CC)CCCC)C(c7cccs7)=C6C(=O)N5CC(CC)CCCC)s4)sc23)s1,5.23,-3.46,626.0,IEIC,5.42,-3.82,775.0,0.9,8.24,54.0,4.0,1.0,1.7700000000000005,1.6,0.1899999999999995,0.3599999999999999,✅ OK
BDTS-2DPP,CCCCCCCCSc1ccc(-c2c3cc(-c4ccc(C5=C6C(=O)N(CC(CC)CCCC)C(c7cccs7)=C6C(=O)N5CC(CC)CCCC)s4)sc3c(-c3ccc(SCCCCCCCC)s3)c3cc(-c4ccc(C5=C6C(=O)N(CC(CC)CCCC)C(c7cccs7)=C6C(=O)N5CC(CC)CCCC)s4)sc23)s1,5.28,-3.49,624.0,IEIC,5.42,-3.82,775.0,0.93,9.8,58.0,5.29,1.0,1.79,1.6,0.1399999999999996,0.3299999999999996,✅ OK
SM1,CCCCCCCCc1cc(/C=C(\C#N)C(=O)OC(CC)CCCC)sc1-c1ccc(-c2sc(-c3cc4c(-c5ccc(CC(CC)CCCC)s5)c5sc(-c6cc(CCCCCCCC)c(-c7ccc(-c8sc(/C=C(\C#N)C(=O)OC(CC)CCCC)cc8CCCCCCCC)s7)s6)cc5c(-c5ccc(CC(CC)CCCC)s5)c4s3)cc2CCCCCCCC)s1,5.24,-2.82,566.0,IDIC,5.65,-3.97,710.0,0.905,15.18,73.55,10.11,2.0,2.4200000000000004,1.6800000000000002,0.4100000000000001,1.1500000000000004,✅ OK
SM2,CCCCCCCCc1cc(/C=C(\C#N)C(=O)OCC)sc1-c1ccc(-c2sc(-c3cc4c(-c5ccc(CC(CC)CCCC)s5)c5sc(-c6cc(CCCCCCCC)c(-c7ccc(-c8sc(/C=C(\C#N)C(=O)OCC)cc8CCCCCCCC)s7)s6)cc5c(-c5ccc(CC(CC)CCCC)s5)c4s3)cc2CCCCCCCC)s1,5.04,-2.7,521.0,IDIC,5.65,-3.97,710.0,0.768,10.77,64.4,5.32,2.0,2.34,1.6800000000000002,0.6100000000000003,1.27,✅ OK
BTR-Cl,CCCCCCc1cc(-c2cc3c(-c4cc(Cl)c(CC(CC)CCCC)s4)c4sc(-c5cc(CCCCCC)c(-c6cc(CCCCCC)c(-c7ccc(/C=C8\SC(=S)N(CCCCCC)C8=O)s7)s6)s5)cc4c(-c4cc(Cl)c(CC(CC)CCCC)s4)c3s2)sc1-c1cc(CCCCCC)c(-c2ccc(/C=C3\SC(=S)N(CCCCCC)C3=O)s2)s1,5.26,-3.51,573.0,L8-BO,5.69,-3.91,800.0,0.86,22.44,70.3,13.6,1.2,1.75,1.7800000000000002,0.4300000000000006,0.4000000000000003,✅ OK
BTR-YF,CCCCCCCCC(CCCCCC)Cc1sc(-c2c3cc(-c4cc(CCCCCC)c(-c5cc(CCCCCC)c(-c6ccc(/C=C7\SC(=S)N(CCCCCC)C7=O)s6)s5)s4)sc3c(-c3ccc(F)cc3)c3cc(-c4cc(CCCCCC)c(-c5cc(CCCCCC)c(-c6ccc(/C=C7\SC(=S)N(CCCCCC)C7=O)s6)s5)s4)sc23)cc1Cl,5.34,-3.52,568.0,L8-BO,5.69,-3.91,800.0,0.87,24.35,71.4,15.1,0.6,1.82,1.7800000000000002,0.3500000000000005,0.3900000000000001,✅ OK
